id,country,segment,active_days,sdk_sessions,first_observed,observed_before_window,answers,training_answers,exam_answers,sign_answers,correct,wrong,paywall_views,purchase_starts,purchase_cancellations,client_purchases,rc_transactions,gross_usd,foreground_minutes_lower_bound,suspected_test,clock_drift_over_hour,interpretation
01a07bac-db79-796c-8d46-169313bf6781,UNKNOWN,"Открыл, без наблюдаемых ответов",1,1,2026-09-07T13:42:03.247000+02:00,True,0,0,0,0,0,0,0,0,0,0,0,0,,False,False,"Учебная попытка запущена, но принятого ответа в этом окне не наблюдается. Это кандидат на разбор первого вопроса и доступности контента; причина остановки из этих событий не следует. Нового production-платежа RevenueCat с этим ID в периоде не найдено. Покупки вне периода этим не исключаются. Legacy fallback distinct_id без primary app_user_id; с другими устройствами не объединяется."
01a0f27a-35ef-7a61-a945-ddb9dceef97f,UNKNOWN,Только тренировки,1,1,2026-09-30T15:21:31.173000+02:00,False,1,1,0,0,1,0,0,0,0,0,0,0,,False,False,"Наблюдаемый сценарий: только тренировки. Ответов 1: training 1, exam 0, signs 0. Вся активность приходится на один календарный день: наблюдается эпизод использования, а не доказанная ежедневная привычка. Нового production-платежа RevenueCat с этим ID в периоде не найдено. Покупки вне периода этим не исключаются. Legacy fallback distinct_id без primary app_user_id; с другими устройствами не объединяется."
usr_001c6313-39b9-484d-a0e4-5a0a944e45be,CZ,Смешанное обучение,1,7,2026-10-05T18:34:35.162000+02:00,False,364,135,100,129,307,57,6,1,0,1,1,6.863,46.58,False,False,"Наблюдаемый сценарий: смешанное обучение. Ответов 364: training 135, exam 100, signs 129. Вся активность приходится на один календарный день: наблюдается эпизод использования, а не доказанная ежедневная привычка. Работа над ошибками запущена 5 раз: это конкретная учебная деятельность, а не просто просмотр экранов. Новые результаты экзамена: успешных 0, неудачных 4. Результаты относятся к версии, правилам и категории в момент события. После неудачных экзаменов следующий учебный старт: тренировка — 3, тест знаков — 1. Это эпизоды в окне, не причинный эффект. Premium показан 6 раз; checkout начат 1 раз; наблюдаемых отмен checkout 0. Показ не доказывает намерение купить. RevenueCat: 1 source charge, gross USD 6.86. Ответов до/после первого charge в окне 66/298; учебные ответы на следующий календарный день не наблюдаются. Это не доказательство влияния покупки на обучение. Ошибок с user_visible=false: 135. Они не доказывают видимый blocker или потерю локального прогресса."
usr_03ee573f-e13e-4db3-987f-3c722950ecfa,CZ,Только тренировки,1,1,2026-10-04T23:53:56.192000+02:00,False,13,13,0,0,5,8,1,0,0,0,0,0,4.14,False,False,"Наблюдаемый сценарий: только тренировки. Ответов 13: training 13, exam 0, signs 0. Вся активность приходится на один календарный день: наблюдается эпизод использования, а не доказанная ежедневная привычка. Premium показан 1 раз; checkout начат 0 раз; наблюдаемых отмен checkout 0. Показ не доказывает намерение купить. Нового production-платежа RevenueCat с этим ID в периоде не найдено. Покупки вне периода этим не исключаются. Ошибок с user_visible=false: 13. Они не доказывают видимый blocker или потерю локального прогресса."
usr_0614261b-7f33-4717-959e-3c1285095cf2,CZ,Смешанное обучение,1,4,2026-10-04T18:20:01.529000+02:00,False,221,196,25,0,182,39,3,1,0,1,1,6.86,94.34,False,False,"Наблюдаемый сценарий: смешанное обучение. Ответов 221: training 196, exam 25, signs 0. Вся активность приходится на один календарный день: наблюдается эпизод использования, а не доказанная ежедневная привычка. Работа над ошибками запущена 2 раз: это конкретная учебная деятельность, а не просто просмотр экранов. Новые результаты экзамена: успешных 0, неудачных 1. Результаты относятся к версии, правилам и категории в момент события. После неудачных экзаменов следующий учебный старт: следующий учебный старт не наблюдается — 1. Это эпизоды в окне, не причинный эффект. Premium показан 3 раз; checkout начат 1 раз; наблюдаемых отмен checkout 0. Показ не доказывает намерение купить. RevenueCat: 1 source charge, gross USD 6.86. Ответов до/после первого charge в окне 36/185; учебные ответы на следующий календарный день не наблюдаются. Это не доказательство влияния покупки на обучение. Ошибок с user_visible=false: 196. Они не доказывают видимый blocker или потерю локального прогресса."
usr_06197fc7-d4b0-4975-b60c-4665ecf347ca,CZ,Смешанное обучение,3,5,2026-09-22T16:39:41.838000+02:00,True,93,68,25,0,71,22,15,0,0,0,0,0,,False,False,"Наблюдаемый сценарий: смешанное обучение. Ответов 93: training 68, exam 25, signs 0. Активность распределена по 3 дням; повторный приход наблюдается, активность в пропусках неизвестна. Работа над ошибками запущена 2 раз: это конкретная учебная деятельность, а не просто просмотр экранов. Новые результаты экзамена: успешных 0, неудачных 1. Результаты относятся к версии, правилам и категории в момент события. После неудачных экзаменов следующий учебный старт: тренировка — 1. Это эпизоды в окне, не причинный эффект. Premium показан 15 раз; checkout начат 0 раз; наблюдаемых отмен checkout 0. Показ не доказывает намерение купить. Нового production-платежа RevenueCat с этим ID в периоде не найдено. Покупки вне периода этим не исключаются."
usr_081d6088-9bdb-4f0a-9578-24c48cd9922e,PL,Смешанное обучение,7,12,2026-09-20T00:14:58.889000+02:00,True,324,121,32,171,273,51,1,1,0,0,0,0,39.4,False,False,"Наблюдаемый сценарий: смешанное обучение. Ответов 324: training 121, exam 32, signs 171. Активность распределена по 7 дням; повторный приход наблюдается, активность в пропусках неизвестна. Работа над ошибками запущена 4 раз: это конкретная учебная деятельность, а не просто просмотр экранов. Новые результаты экзамена: успешных 0, неудачных 1. Результаты относятся к версии, правилам и категории в момент события. После неудачных экзаменов следующий учебный старт: следующий учебный старт не наблюдается — 1. Это эпизоды в окне, не причинный эффект. Premium показан 1 раз; checkout начат 1 раз; наблюдаемых отмен checkout 0. Показ не доказывает намерение купить. Нового production-платежа RevenueCat с этим ID в периоде не найдено. Покупки вне периода этим не исключаются. Ошибок с user_visible=false: 24. Они не доказывают видимый blocker или потерю локального прогресса."
usr_09c19584-c74d-46af-a34e-8efc58f13e26,SK,"Открыл, без наблюдаемых ответов",1,1,2026-10-02T16:31:06.901000+02:00,False,0,0,0,0,0,0,1,0,0,0,0,0,,False,False,"Home показан, но учебных ответов в окне не наблюдается. Это история без подтверждённой первой учебной ценности; не доказательство удаления приложения или отказа от обучения. Premium показан 1 раз; checkout начат 0 раз; наблюдаемых отмен checkout 0. Показ не доказывает намерение купить. Нового production-платежа RevenueCat с этим ID в периоде не найдено. Покупки вне периода этим не исключаются."
usr_0a17a919-9110-44ff-9f6b-621fac75f876,CZ,Только тренировки,1,1,2026-09-30T00:29:56.674000+02:00,False,19,19,0,0,14,5,1,0,0,0,0,0,,False,False,"Наблюдаемый сценарий: только тренировки. Ответов 19: training 19, exam 0, signs 0. Вся активность приходится на один календарный день: наблюдается эпизод использования, а не доказанная ежедневная привычка. Работа над ошибками запущена 1 раз: это конкретная учебная деятельность, а не просто просмотр экранов. Premium показан 1 раз; checkout начат 0 раз; наблюдаемых отмен checkout 0. Показ не доказывает намерение купить. Нового production-платежа RevenueCat с этим ID в периоде не найдено. Покупки вне периода этим не исключаются."
usr_0a475332-f667-445d-abd1-fe2fce921408,CZ,Только тренировки,1,1,2026-10-06T05:31:49.675000+02:00,False,3,3,0,0,3,0,0,0,0,0,0,0,1.92,False,False,"Наблюдаемый сценарий: только тренировки. Ответов 3: training 3, exam 0, signs 0. Вся активность приходится на один календарный день: наблюдается эпизод использования, а не доказанная ежедневная привычка. Нового production-платежа RevenueCat с этим ID в периоде не найдено. Покупки вне периода этим не исключаются. Ошибок с user_visible=false: 3. Они не доказывают видимый blocker или потерю локального прогресса."
usr_0ab9d644-ecaa-4ae9-b01b-21026c243138,SK,Только тренировки,1,1,2026-10-02T12:13:38.332000+02:00,False,17,17,0,0,9,8,2,0,0,0,0,0,,False,False,"Наблюдаемый сценарий: только тренировки. Ответов 17: training 17, exam 0, signs 0. Вся активность приходится на один календарный день: наблюдается эпизод использования, а не доказанная ежедневная привычка. Работа над ошибками запущена 1 раз: это конкретная учебная деятельность, а не просто просмотр экранов. Premium показан 2 раз; checkout начат 0 раз; наблюдаемых отмен checkout 0. Показ не доказывает намерение купить. Нового production-платежа RevenueCat с этим ID в периоде не найдено. Покупки вне периода этим не исключаются."
usr_0dbec710-b894-4218-933f-6312e2313bb8,CZ,"Открыл, без наблюдаемых ответов",1,1,2026-10-08T15:32:35.251000+02:00,False,0,0,0,0,0,0,1,0,0,0,0,0,0.6,False,False,"Home показан, но учебных ответов в окне не наблюдается. Это история без подтверждённой первой учебной ценности; не доказательство удаления приложения или отказа от обучения. Premium показан 1 раз; checkout начат 0 раз; наблюдаемых отмен checkout 0. Показ не доказывает намерение купить. Нового production-платежа RevenueCat с этим ID в периоде не найдено. Покупки вне периода этим не исключаются."
usr_0e4825ef-f10c-439b-a8d7-e138463b2393,PL,"Открыл, без наблюдаемых ответов",2,2,2026-09-13T13:14:14.573000+02:00,True,0,0,0,0,0,0,0,0,0,0,0,0,,False,False,"Home показан, но учебных ответов в окне не наблюдается. Это история без подтверждённой первой учебной ценности; не доказательство удаления приложения или отказа от обучения. Нового production-платежа RevenueCat с этим ID в периоде не найдено. Покупки вне периода этим не исключаются."
usr_0eb3ef07-84a5-433c-b989-1d18b41ad3bf,CZ,"Открыл, без наблюдаемых ответов",1,1,2026-10-06T12:35:35.990000+02:00,False,0,0,0,0,0,0,0,0,0,0,0,0,0.3,False,False,"Home показан, но учебных ответов в окне не наблюдается. Это история без подтверждённой первой учебной ценности; не доказательство удаления приложения или отказа от обучения. Нового production-платежа RevenueCat с этим ID в периоде не найдено. Покупки вне периода этим не исключаются."
usr_0fe8b151-3e5a-42ec-8c15-ff487af0ad72,SK,Смешанное обучение,4,7,2026-10-06T10:59:08.362000+02:00,False,1154,28,40,1086,1091,63,6,0,0,0,0,0,135.57,False,False,"Наблюдаемый сценарий: смешанное обучение. Ответов 1154: training 28, exam 40, signs 1086. Активность распределена по 4 дням; повторный приход наблюдается, активность в пропусках неизвестна. Новые результаты экзамена: успешных 0, неудачных 1. Результаты относятся к версии, правилам и категории в момент события. После неудачных экзаменов следующий учебный старт: тест знаков — 1. Это эпизоды в окне, не причинный эффект. Premium показан 6 раз; checkout начат 0 раз; наблюдаемых отмен checkout 0. Показ не доказывает намерение купить. Нового production-платежа RevenueCat с этим ID в периоде не найдено. Покупки вне периода этим не исключаются. Ошибок с user_visible=false: 28. Они не доказывают видимый blocker или потерю локального прогресса."
usr_100832ef-bc8d-49d4-848d-a5c368377e75,CZ,Только экзамены,1,1,2026-09-25T08:52:55.505000+02:00,True,76,0,76,0,35,41,1,0,0,0,0,0,,False,False,"Наблюдаемый сценарий: только экзамены. Ответов 76: training 0, exam 76, signs 0. Вся активность приходится на один календарный день: наблюдается эпизод использования, а не доказанная ежедневная привычка. Новые результаты экзамена: успешных 0, неудачных 1. Результаты относятся к версии, правилам и категории в момент события. После неудачных экзаменов следующий учебный старт: следующий учебный старт не наблюдается — 1. Это эпизоды в окне, не причинный эффект. Premium показан 1 раз; checkout начат 0 раз; наблюдаемых отмен checkout 0. Показ не доказывает намерение купить. Нового production-платежа RevenueCat с этим ID в периоде не найдено. Покупки вне периода этим не исключаются."
usr_1045d3d0-e548-487a-9375-acd723f51045,CZ,Только тренировки,2,4,2026-09-30T11:13:38.412000+02:00,False,22,22,0,0,12,10,1,0,0,0,0,0,0.07,False,False,"Наблюдаемый сценарий: только тренировки. Ответов 22: training 22, exam 0, signs 0. Активность распределена по 2 дням; повторный приход наблюдается, активность в пропусках неизвестна. Работа над ошибками запущена 1 раз: это конкретная учебная деятельность, а не просто просмотр экранов. Premium показан 1 раз; checkout начат 0 раз; наблюдаемых отмен checkout 0. Показ не доказывает намерение купить. Нового production-платежа RevenueCat с этим ID в периоде не найдено. Покупки вне периода этим не исключаются."
usr_10e0ae67-d39d-4ef7-bfa5-b5a8071f6df7,CZ,Только тренировки,3,3,2026-10-05T13:52:28.283000+02:00,False,29,29,0,0,19,10,2,0,0,0,0,0,15.07,False,False,"Наблюдаемый сценарий: только тренировки. Ответов 29: training 29, exam 0, signs 0. Активность распределена по 3 дням; повторный приход наблюдается, активность в пропусках неизвестна. Работа над ошибками запущена 1 раз: это конкретная учебная деятельность, а не просто просмотр экранов. Premium показан 2 раз; checkout начат 0 раз; наблюдаемых отмен checkout 0. Показ не доказывает намерение купить. Нового production-платежа RevenueCat с этим ID в периоде не найдено. Покупки вне периода этим не исключаются. Ошибок с user_visible=false: 29. Они не доказывают видимый blocker или потерю локального прогресса."
usr_1225ff8e-9075-4ca6-9c5b-0f80a8cb87be,CZ,Только тренировки,1,1,2026-09-19T09:29:25.125000+02:00,True,1,1,0,0,1,0,0,0,0,0,0,0,0.29,False,False,"Наблюдаемый сценарий: только тренировки. Ответов 1: training 1, exam 0, signs 0. Вся активность приходится на один календарный день: наблюдается эпизод использования, а не доказанная ежедневная привычка. Нового production-платежа RevenueCat с этим ID в периоде не найдено. Покупки вне периода этим не исключаются. Ошибок с user_visible=false: 1. Они не доказывают видимый blocker или потерю локального прогресса."
usr_1235df7a-4daf-4dc6-98e1-f3b05afb9165,CZ,Только тренировки,1,1,2026-10-07T10:34:27.178000+02:00,False,9,9,0,0,3,6,0,0,0,0,0,0,3.47,False,False,"Наблюдаемый сценарий: только тренировки. Ответов 9: training 9, exam 0, signs 0. Вся активность приходится на один календарный день: наблюдается эпизод использования, а не доказанная ежедневная привычка. Нового production-платежа RevenueCat с этим ID в периоде не найдено. Покупки вне периода этим не исключаются. Ошибок с user_visible=false: 9. Они не доказывают видимый blocker или потерю локального прогресса."
usr_1440fdc0-5a07-4570-9272-961f464b66c5,CZ,Смешанное обучение,4,5,2026-09-23T18:10:44.006000+02:00,True,75,23,52,0,43,32,2,0,0,0,0,0,0.02,False,False,"Наблюдаемый сценарий: смешанное обучение. Ответов 75: training 23, exam 52, signs 0. Активность распределена по 4 дням; повторный приход наблюдается, активность в пропусках неизвестна. Работа над ошибками запущена 2 раз: это конкретная учебная деятельность, а не просто просмотр экранов. Новые результаты экзамена: успешных 0, неудачных 2. Результаты относятся к версии, правилам и категории в момент события. После неудачных экзаменов следующий учебный старт: новый экзамен — 1, тренировка — 1. Это эпизоды в окне, не причинный эффект. Premium показан 2 раз; checkout начат 0 раз; наблюдаемых отмен checkout 0. Показ не доказывает намерение купить. Нового production-платежа RevenueCat с этим ID в периоде не найдено. Покупки вне периода этим не исключаются."
usr_1581c1de-d8cf-48cf-8e20-63789c47184e,CZ,Только тренировки,1,1,2026-10-05T09:42:53.931000+02:00,False,36,36,0,0,33,3,1,0,0,0,0,0,7.52,False,False,"Наблюдаемый сценарий: только тренировки. Ответов 36: training 36, exam 0, signs 0. Вся активность приходится на один календарный день: наблюдается эпизод использования, а не доказанная ежедневная привычка. Premium показан 1 раз; checkout начат 0 раз; наблюдаемых отмен checkout 0. Показ не доказывает намерение купить. Нового production-платежа RevenueCat с этим ID в периоде не найдено. Покупки вне периода этим не исключаются. Ошибок с user_visible=false: 36. Они не доказывают видимый blocker или потерю локального прогресса."
usr_15abaeb2-a125-4234-8cea-3d1520471f14,CZ,Смешанное обучение,2,4,2026-09-30T19:27:48.459000+02:00,False,117,55,0,62,85,32,15,0,0,0,0,0,,False,False,"Наблюдаемый сценарий: смешанное обучение. Ответов 117: training 55, exam 0, signs 62. Активность распределена по 2 дням; повторный приход наблюдается, активность в пропусках неизвестна. Работа над ошибками запущена 1 раз: это конкретная учебная деятельность, а не просто просмотр экранов. Premium показан 15 раз; checkout начат 0 раз; наблюдаемых отмен checkout 0. Показ не доказывает намерение купить. Нового production-платежа RevenueCat с этим ID в периоде не найдено. Покупки вне периода этим не исключаются."
usr_16ab72b1-055f-4ab4-8187-30dd7551fcfe,CZ,Только тренировки,1,1,2026-10-09T12:37:42.985000+02:00,False,51,51,0,0,46,5,2,0,0,0,0,0,10.88,False,False,"Наблюдаемый сценарий: только тренировки. Ответов 51: training 51, exam 0, signs 0. Вся активность приходится на один календарный день: наблюдается эпизод использования, а не доказанная ежедневная привычка. Работа над ошибками запущена 1 раз: это конкретная учебная деятельность, а не просто просмотр экранов. Premium показан 2 раз; checkout начат 0 раз; наблюдаемых отмен checkout 0. Показ не доказывает намерение купить. Нового production-платежа RevenueCat с этим ID в периоде не найдено. Покупки вне периода этим не исключаются. Ошибок с user_visible=false: 51. Они не доказывают видимый blocker или потерю локального прогресса."
usr_16d909c1-c4d3-40c6-9fb2-d6276ebb6b2b,CZ,Только экзамены,1,1,2026-09-26T11:49:03.152000+02:00,False,7,0,7,0,4,3,0,0,0,0,0,0,,False,False,"Наблюдаемый сценарий: только экзамены. Ответов 7: training 0, exam 7, signs 0. Вся активность приходится на один календарный день: наблюдается эпизод использования, а не доказанная ежедневная привычка. Нового production-платежа RevenueCat с этим ID в периоде не найдено. Покупки вне периода этим не исключаются."
usr_18f32d71-f52b-4cad-8189-dc2a33dd79e6,CZ,"Открыл, без наблюдаемых ответов",1,1,2026-10-05T10:26:18.862000+02:00,False,0,0,0,0,0,0,0,0,0,0,0,0,0.45,False,False,"Home показан, но учебных ответов в окне не наблюдается. Это история без подтверждённой первой учебной ценности; не доказательство удаления приложения или отказа от обучения. Нового production-платежа RevenueCat с этим ID в периоде не найдено. Покупки вне периода этим не исключаются."
usr_1993b295-d0ec-49a2-a4b3-951711947ef6,CZ,Только тренировки,1,2,2026-10-04T17:38:44.849000+02:00,False,15,15,0,0,8,7,0,0,0,0,0,0,10.24,False,False,"Наблюдаемый сценарий: только тренировки. Ответов 15: training 15, exam 0, signs 0. Вся активность приходится на один календарный день: наблюдается эпизод использования, а не доказанная ежедневная привычка. Нового production-платежа RevenueCat с этим ID в периоде не найдено. Покупки вне периода этим не исключаются. Ошибок с user_visible=false: 15. Они не доказывают видимый blocker или потерю локального прогресса."
usr_19b16c1a-188d-4e92-b4aa-856c7482c510,CZ,"Открыл, без наблюдаемых ответов",2,2,2026-09-18T01:25:03.891000+02:00,True,0,0,0,0,0,0,0,0,0,0,0,0,,False,False,"Home показан, но учебных ответов в окне не наблюдается. Это история без подтверждённой первой учебной ценности; не доказательство удаления приложения или отказа от обучения. Нового production-платежа RevenueCat с этим ID в периоде не найдено. Покупки вне периода этим не исключаются."
usr_1ac1aef3-3cf8-4d6e-b51c-336faa0567c9,PL,Только тренировки,1,1,2026-09-29T20:33:07.094000+02:00,False,18,18,0,0,16,2,1,0,0,0,0,0,,False,False,"Наблюдаемый сценарий: только тренировки. Ответов 18: training 18, exam 0, signs 0. Вся активность приходится на один календарный день: наблюдается эпизод использования, а не доказанная ежедневная привычка. Premium показан 1 раз; checkout начат 0 раз; наблюдаемых отмен checkout 0. Показ не доказывает намерение купить. Нового production-платежа RevenueCat с этим ID в периоде не найдено. Покупки вне периода этим не исключаются."
usr_1b344a04-33b2-48a5-8f00-691328a82c50,PL,Только экзамены,2,2,2026-09-20T13:19:54.346000+02:00,True,64,0,64,0,54,10,1,0,0,0,0,0,6.84,False,False,"Наблюдаемый сценарий: только экзамены. Ответов 64: training 0, exam 64, signs 0. Активность распределена по 2 дням; повторный приход наблюдается, активность в пропусках неизвестна. Новые результаты экзамена: успешных 0, неудачных 2. Результаты относятся к версии, правилам и категории в момент события. После неудачных экзаменов следующий учебный старт: новый экзамен — 1, следующий учебный старт не наблюдается — 1. Это эпизоды в окне, не причинный эффект. Premium показан 1 раз; checkout начат 0 раз; наблюдаемых отмен checkout 0. Показ не доказывает намерение купить. Нового production-платежа RevenueCat с этим ID в периоде не найдено. Покупки вне периода этим не исключаются."
usr_1bb732f7-452c-454d-b4b4-b0be800e9178,PL,Только тренировки,1,1,2026-09-29T10:40:10.303000+02:00,False,15,15,0,0,12,3,2,0,0,0,0,0,,False,False,"Наблюдаемый сценарий: только тренировки. Ответов 15: training 15, exam 0, signs 0. Вся активность приходится на один календарный день: наблюдается эпизод использования, а не доказанная ежедневная привычка. Premium показан 2 раз; checkout начат 0 раз; наблюдаемых отмен checkout 0. Показ не доказывает намерение купить. Нового production-платежа RevenueCat с этим ID в периоде не найдено. Покупки вне периода этим не исключаются."
usr_1c786017-0019-4a84-8323-17064de822e0,PL,"Открыл, без наблюдаемых ответов",1,1,2026-09-29T05:10:55.222000+02:00,False,0,0,0,0,0,0,0,0,0,0,0,0,,False,False,"Есть открытие или навигация, но учебных ответов не наблюдается. Данных недостаточно для объяснения причины. Нового production-платежа RevenueCat с этим ID в периоде не найдено. Покупки вне периода этим не исключаются."
usr_1c7dd8a6-02c4-499d-8d93-9ae59493f183,CZ,Только тренировки,3,4,2026-10-05T22:30:23.955000+02:00,False,12,12,0,0,7,5,0,0,0,0,0,0,8.32,False,False,"Наблюдаемый сценарий: только тренировки. Ответов 12: training 12, exam 0, signs 0. Активность распределена по 3 дням; повторный приход наблюдается, активность в пропусках неизвестна. Нового production-платежа RevenueCat с этим ID в периоде не найдено. Покупки вне периода этим не исключаются. Ошибок с user_visible=false: 12. Они не доказывают видимый blocker или потерю локального прогресса."
usr_1cb35268-c58b-4631-b096-996ec826c953,CZ,Только тренировки,1,2,2026-10-01T03:09:14+02:00,False,55,55,0,0,37,18,11,0,0,0,0,0,,False,False,"Наблюдаемый сценарий: только тренировки. Ответов 55: training 55, exam 0, signs 0. Вся активность приходится на один календарный день: наблюдается эпизод использования, а не доказанная ежедневная привычка. Работа над ошибками запущена 1 раз: это конкретная учебная деятельность, а не просто просмотр экранов. Premium показан 11 раз; checkout начат 0 раз; наблюдаемых отмен checkout 0. Показ не доказывает намерение купить. Нового production-платежа RevenueCat с этим ID в периоде не найдено. Покупки вне периода этим не исключаются."
usr_1ce9a312-6289-4c40-98ac-fb9bf4c450f6,CZ,Только тренировки,2,3,2026-09-30T14:23:52.617000+02:00,False,19,19,0,0,10,9,1,0,0,0,0,0,,False,False,"Наблюдаемый сценарий: только тренировки. Ответов 19: training 19, exam 0, signs 0. Активность распределена по 2 дням; повторный приход наблюдается, активность в пропусках неизвестна. Работа над ошибками запущена 1 раз: это конкретная учебная деятельность, а не просто просмотр экранов. Premium показан 1 раз; checkout начат 0 раз; наблюдаемых отмен checkout 0. Показ не доказывает намерение купить. Нового production-платежа RevenueCat с этим ID в периоде не найдено. Покупки вне периода этим не исключаются."
usr_1dadf1f4-51fb-496d-9933-00e5e9fc7b64,CZ,Только тренировки,1,1,2026-10-06T14:13:49.410000+02:00,False,1,1,0,0,0,1,0,0,0,0,0,0,,False,False,"Наблюдаемый сценарий: только тренировки. Ответов 1: training 1, exam 0, signs 0. Вся активность приходится на один календарный день: наблюдается эпизод использования, а не доказанная ежедневная привычка. Нового production-платежа RevenueCat с этим ID в периоде не найдено. Покупки вне периода этим не исключаются. Ошибок с user_visible=false: 1. Они не доказывают видимый blocker или потерю локального прогресса."
usr_2086210a-b9f7-4858-870f-6d2076207c2c,CZ,Только тесты знаков,2,5,2026-10-01T10:33:17.639000+02:00,False,12,0,0,12,9,3,3,4,2,0,0,0,,False,False,"Наблюдаемый сценарий: только тесты знаков. Ответов 12: training 0, exam 0, signs 12. Активность распределена по 2 дням; повторный приход наблюдается, активность в пропусках неизвестна. Premium показан 3 раз; checkout начат 4 раз; наблюдаемых отмен checkout 2. Показ не доказывает намерение купить. Нового production-платежа RevenueCat с этим ID в периоде не найдено. Покупки вне периода этим не исключаются."
usr_20cad616-b25b-4e85-9d7f-3b657999ea8f,CZ,Только тренировки,1,1,2026-10-06T07:24:30.995000+02:00,False,15,15,0,0,12,3,2,0,0,0,0,0,5.69,False,False,"Наблюдаемый сценарий: только тренировки. Ответов 15: training 15, exam 0, signs 0. Вся активность приходится на один календарный день: наблюдается эпизод использования, а не доказанная ежедневная привычка. Работа над ошибками запущена 1 раз: это конкретная учебная деятельность, а не просто просмотр экранов. Premium показан 2 раз; checkout начат 0 раз; наблюдаемых отмен checkout 0. Показ не доказывает намерение купить. Нового production-платежа RevenueCat с этим ID в периоде не найдено. Покупки вне периода этим не исключаются. Ошибок с user_visible=false: 15. Они не доказывают видимый blocker или потерю локального прогресса."
usr_21434d1f-2bc4-421f-8400-823c6517b4b7,SK,"Открыл, без наблюдаемых ответов",1,1,2026-10-02T19:28:26.574000+02:00,False,0,0,0,0,0,0,0,0,0,0,0,0,,False,False,"Home показан, но учебных ответов в окне не наблюдается. Это история без подтверждённой первой учебной ценности; не доказательство удаления приложения или отказа от обучения. Нового production-платежа RevenueCat с этим ID в периоде не найдено. Покупки вне периода этим не исключаются."
usr_215a7ee4-ff5d-48b4-a5de-d2874ff020a3,CZ,Только тренировки,1,1,2026-10-06T23:49:09.790000+02:00,False,5,5,0,0,2,3,0,0,0,0,0,0,3.53,False,False,"Наблюдаемый сценарий: только тренировки. Ответов 5: training 5, exam 0, signs 0. Вся активность приходится на один календарный день: наблюдается эпизод использования, а не доказанная ежедневная привычка. Нового production-платежа RevenueCat с этим ID в периоде не найдено. Покупки вне периода этим не исключаются. Ошибок с user_visible=false: 5. Они не доказывают видимый blocker или потерю локального прогресса."
usr_227decf2-1adb-4d7a-9aa4-800d1d06a19a,CZ,Только тренировки,1,1,2026-10-02T20:03:55.926000+02:00,False,53,53,0,0,39,14,3,1,0,0,0,0,,False,False,"Наблюдаемый сценарий: только тренировки. Ответов 53: training 53, exam 0, signs 0. Вся активность приходится на один календарный день: наблюдается эпизод использования, а не доказанная ежедневная привычка. Работа над ошибками запущена 1 раз: это конкретная учебная деятельность, а не просто просмотр экранов. Premium показан 3 раз; checkout начат 1 раз; наблюдаемых отмен checkout 0. Показ не доказывает намерение купить. Нового production-платежа RevenueCat с этим ID в периоде не найдено. Покупки вне периода этим не исключаются."
usr_22f1b85c-7d46-4a87-b094-fcbb11559f8a,CZ,Только тренировки,2,2,2026-09-14T10:04:36.926000+02:00,True,90,90,0,0,72,18,1,2,1,1,1,6.863,28.45,False,False,"Наблюдаемый сценарий: только тренировки. Ответов 90: training 90, exam 0, signs 0. Активность распределена по 2 дням; повторный приход наблюдается, активность в пропусках неизвестна. Работа над ошибками запущена 3 раз: это конкретная учебная деятельность, а не просто просмотр экранов. Premium показан 1 раз; checkout начат 2 раз; наблюдаемых отмен checkout 1. Показ не доказывает намерение купить. RevenueCat: 1 source charge, gross USD 6.86. Ответов до/после первого charge в окне 0/90; учебные ответы на следующий календарный день не наблюдаются. Это не доказательство влияния покупки на обучение. Ошибок с user_visible=false: 90. Они не доказывают видимый blocker или потерю локального прогресса."
usr_243cffa8-7753-4c85-a806-197a2eae2691,CZ,Только тренировки,1,1,2026-10-07T14:24:11.400000+02:00,False,8,8,0,0,3,5,1,0,0,0,0,0,2.66,False,False,"Наблюдаемый сценарий: только тренировки. Ответов 8: training 8, exam 0, signs 0. Вся активность приходится на один календарный день: наблюдается эпизод использования, а не доказанная ежедневная привычка. Premium показан 1 раз; checkout начат 0 раз; наблюдаемых отмен checkout 0. Показ не доказывает намерение купить. Нового production-платежа RevenueCat с этим ID в периоде не найдено. Покупки вне периода этим не исключаются. Ошибок с user_visible=false: 8. Они не доказывают видимый blocker или потерю локального прогресса."
usr_244a9683-26b2-43ab-b33f-53c9413d318c,PL,"Открыл, без наблюдаемых ответов",1,1,2026-09-29T20:02:44.584000+02:00,False,0,0,0,0,0,0,1,0,0,0,0,0,,False,False,"Home показан, но учебных ответов в окне не наблюдается. Это история без подтверждённой первой учебной ценности; не доказательство удаления приложения или отказа от обучения. Premium показан 1 раз; checkout начат 0 раз; наблюдаемых отмен checkout 0. Показ не доказывает намерение купить. Нового production-платежа RevenueCat с этим ID в периоде не найдено. Покупки вне периода этим не исключаются."
usr_24f8f2f4-c516-44a3-a2d8-d2ab0777e5fa,CZ,Только тренировки,1,1,2026-10-03T12:49:32.620000+02:00,False,52,52,0,0,40,12,3,0,0,0,0,0,16.86,False,False,"Наблюдаемый сценарий: только тренировки. Ответов 52: training 52, exam 0, signs 0. Вся активность приходится на один календарный день: наблюдается эпизод использования, а не доказанная ежедневная привычка. Premium показан 3 раз; checkout начат 0 раз; наблюдаемых отмен checkout 0. Показ не доказывает намерение купить. Нового production-платежа RevenueCat с этим ID в периоде не найдено. Покупки вне периода этим не исключаются. Ошибок с user_visible=false: 52. Они не доказывают видимый blocker или потерю локального прогресса. Страна менялась: CZ, PL. Итоговая группа — последняя известная страна, история сохранена."
usr_2628b196-26b3-4d30-b7a7-997d8a56af0c,CZ,Смешанное обучение,1,1,2026-10-05T19:02:34.262000+02:00,False,31,3,0,28,27,4,0,0,0,0,0,0,4.37,False,False,"Наблюдаемый сценарий: смешанное обучение. Ответов 31: training 3, exam 0, signs 28. Вся активность приходится на один календарный день: наблюдается эпизод использования, а не доказанная ежедневная привычка. Нового production-платежа RevenueCat с этим ID в периоде не найдено. Покупки вне периода этим не исключаются. Ошибок с user_visible=false: 3. Они не доказывают видимый blocker или потерю локального прогресса."
usr_26c1264d-3827-47fa-a6ee-1473b6e0052d,PL,Только тренировки,2,4,2026-09-26T13:08:42.674000+02:00,False,33,33,0,0,27,6,0,0,0,0,0,0,,False,False,"Наблюдаемый сценарий: только тренировки. Ответов 33: training 33, exam 0, signs 0. Активность распределена по 2 дням; повторный приход наблюдается, активность в пропусках неизвестна. Работа над ошибками запущена 1 раз: это конкретная учебная деятельность, а не просто просмотр экранов. Нового production-платежа RevenueCat с этим ID в периоде не найдено. Покупки вне периода этим не исключаются."
usr_2954dca0-903e-4563-81b2-27ead9b5be07,CZ,Только тренировки,2,2,2026-10-06T21:37:04.439000+02:00,False,53,53,0,0,40,13,4,1,1,0,0,0,15.66,False,False,"Наблюдаемый сценарий: только тренировки. Ответов 53: training 53, exam 0, signs 0. Активность распределена по 2 дням; повторный приход наблюдается, активность в пропусках неизвестна. Работа над ошибками запущена 1 раз: это конкретная учебная деятельность, а не просто просмотр экранов. Premium показан 4 раз; checkout начат 1 раз; наблюдаемых отмен checkout 1. Показ не доказывает намерение купить. Нового production-платежа RevenueCat с этим ID в периоде не найдено. Покупки вне периода этим не исключаются. Ошибок с user_visible=false: 53. Они не доказывают видимый blocker или потерю локального прогресса."
usr_2a96f897-9ef8-41bb-b575-e481171e57e2,CZ,Только тренировки,2,2,2026-10-02T19:55:34.830000+02:00,False,27,27,0,0,14,13,0,0,0,0,0,0,1.0,False,False,"Наблюдаемый сценарий: только тренировки. Ответов 27: training 27, exam 0, signs 0. Активность распределена по 2 дням; повторный приход наблюдается, активность в пропусках неизвестна. Работа над ошибками запущена 1 раз: это конкретная учебная деятельность, а не просто просмотр экранов. Нового production-платежа RevenueCat с этим ID в периоде не найдено. Покупки вне периода этим не исключаются. Ошибок с user_visible=false: 3. Они не доказывают видимый blocker или потерю локального прогресса."
usr_2b858f11-db50-486f-bea8-6a1419f46352,CZ,Только тесты знаков,1,2,2026-10-07T10:07:50.487000+02:00,False,20,0,0,20,19,1,1,0,0,0,0,0,4.84,False,False,"Наблюдаемый сценарий: только тесты знаков. Ответов 20: training 0, exam 0, signs 20. Вся активность приходится на один календарный день: наблюдается эпизод использования, а не доказанная ежедневная привычка. Premium показан 1 раз; checkout начат 0 раз; наблюдаемых отмен checkout 0. Показ не доказывает намерение купить. Нового production-платежа RevenueCat с этим ID в периоде не найдено. Покупки вне периода этим не исключаются."
usr_2d94ef14-5509-43b1-baf4-f5e16c4f4d1f,CZ,Только тренировки,3,4,2026-09-13T15:21:10.459000+02:00,True,3,3,0,0,3,0,0,0,0,0,0,0,0.59,False,False,"Наблюдаемый сценарий: только тренировки. Ответов 3: training 3, exam 0, signs 0. Активность распределена по 3 дням; повторный приход наблюдается, активность в пропусках неизвестна. Нового production-платежа RevenueCat с этим ID в периоде не найдено. Покупки вне периода этим не исключаются."
usr_2e291f28-cfc3-4f2a-8749-f28f393252ff,PL,Смешанное обучение,2,3,2026-09-27T00:21:59.871000+02:00,False,72,40,32,0,56,16,1,0,0,0,0,0,,False,False,"Наблюдаемый сценарий: смешанное обучение. Ответов 72: training 40, exam 32, signs 0. Активность распределена по 2 дням; повторный приход наблюдается, активность в пропусках неизвестна. Новые результаты экзамена: успешных 0, неудачных 1. Результаты относятся к версии, правилам и категории в момент события. После неудачных экзаменов следующий учебный старт: тренировка — 1. Это эпизоды в окне, не причинный эффект. Premium показан 1 раз; checkout начат 0 раз; наблюдаемых отмен checkout 0. Показ не доказывает намерение купить. Нового production-платежа RevenueCat с этим ID в периоде не найдено. Покупки вне периода этим не исключаются."
usr_2ef0a596-8e8c-4040-a807-b643d5a19753,PL,Только тренировки,2,3,2026-09-29T19:27:02.985000+02:00,False,50,50,0,0,32,18,3,0,0,0,0,0,,False,False,"Наблюдаемый сценарий: только тренировки. Ответов 50: training 50, exam 0, signs 0. Активность распределена по 2 дням; повторный приход наблюдается, активность в пропусках неизвестна. Premium показан 3 раз; checkout начат 0 раз; наблюдаемых отмен checkout 0. Показ не доказывает намерение купить. Нового production-платежа RevenueCat с этим ID в периоде не найдено. Покупки вне периода этим не исключаются."
usr_30450eb8-f9ca-4574-8f1c-ff1f7313ad1e,PL,"Открыл, без наблюдаемых ответов",1,1,2026-09-19T09:10:55.218000+02:00,True,0,0,0,0,0,0,0,0,0,0,0,0,,False,False,"Home показан, но учебных ответов в окне не наблюдается. Это история без подтверждённой первой учебной ценности; не доказательство удаления приложения или отказа от обучения. Нового production-платежа RevenueCat с этим ID в периоде не найдено. Покупки вне периода этим не исключаются."
usr_304992b2-81ad-4c9e-bfc0-f4e9106a7943,PL,"Открыл, без наблюдаемых ответов",1,1,2026-10-07T22:00:31.939000+02:00,False,0,0,0,0,0,0,0,0,0,0,0,0,0.13,False,False,"Home показан, но учебных ответов в окне не наблюдается. Это история без подтверждённой первой учебной ценности; не доказательство удаления приложения или отказа от обучения. Нового production-платежа RevenueCat с этим ID в периоде не найдено. Покупки вне периода этим не исключаются."
usr_32c79ac7-f87a-4a4c-928b-62e150c9fe80,PL,Смешанное обучение,2,3,2026-09-13T13:16:56.429000+02:00,True,88,56,32,0,72,16,8,1,1,0,0,0,15.67,False,False,"Наблюдаемый сценарий: смешанное обучение. Ответов 88: training 56, exam 32, signs 0. Активность распределена по 2 дням; повторный приход наблюдается, активность в пропусках неизвестна. Работа над ошибками запущена 2 раз: это конкретная учебная деятельность, а не просто просмотр экранов. Новые результаты экзамена: успешных 0, неудачных 1. Результаты относятся к версии, правилам и категории в момент события. После неудачных экзаменов следующий учебный старт: тренировка — 1. Это эпизоды в окне, не причинный эффект. Premium показан 8 раз; checkout начат 1 раз; наблюдаемых отмен checkout 1. Показ не доказывает намерение купить. Нового production-платежа RevenueCat с этим ID в периоде не найдено. Покупки вне периода этим не исключаются. Ошибок с user_visible=false: 50. Они не доказывают видимый blocker или потерю локального прогресса."
usr_350a9d80-835c-427a-a87f-b92e12aff662,PL,"Открыл, без наблюдаемых ответов",1,1,2026-10-03T14:56:09.485000+02:00,False,0,0,0,0,0,0,0,0,0,0,0,0,,False,False,"Есть открытие или навигация, но учебных ответов не наблюдается. Данных недостаточно для объяснения причины. Нового production-платежа RevenueCat с этим ID в периоде не найдено. Покупки вне периода этим не исключаются."
usr_357c79ff-44bc-4dd3-93ca-0e738935fd30,CZ,Смешанное обучение,2,1,2026-10-02T23:55:50.544000+02:00,False,83,41,0,42,50,33,3,0,0,0,0,0,,False,False,"Наблюдаемый сценарий: смешанное обучение. Ответов 83: training 41, exam 0, signs 42. Активность распределена по 2 дням; повторный приход наблюдается, активность в пропусках неизвестна. Работа над ошибками запущена 1 раз: это конкретная учебная деятельность, а не просто просмотр экранов. Premium показан 3 раз; checkout начат 0 раз; наблюдаемых отмен checkout 0. Показ не доказывает намерение купить. Нового production-платежа RevenueCat с этим ID в периоде не найдено. Покупки вне периода этим не исключаются."
usr_366890e2-4ab1-47d7-8d12-1b638a379930,SK,Смешанное обучение,8,11,2026-09-17T18:10:20.185000+02:00,True,245,239,0,6,135,110,3,0,0,0,0,0,1.11,False,False,"Наблюдаемый сценарий: смешанное обучение. Ответов 245: training 239, exam 0, signs 6. Активность распределена по 8 дням; повторный приход наблюдается, активность в пропусках неизвестна. Premium показан 3 раз; checkout начат 0 раз; наблюдаемых отмен checkout 0. Показ не доказывает намерение купить. Нового production-платежа RevenueCat с этим ID в периоде не найдено. Покупки вне периода этим не исключаются. Ошибок с user_visible=false: 18. Они не доказывают видимый blocker или потерю локального прогресса."
usr_369a653f-0060-453f-8612-4b4f88c43213,CZ,Только тренировки,1,1,2026-10-02T18:19:22.112000+02:00,False,55,55,0,0,30,25,3,1,1,0,0,0,,False,False,"Наблюдаемый сценарий: только тренировки. Ответов 55: training 55, exam 0, signs 0. Вся активность приходится на один календарный день: наблюдается эпизод использования, а не доказанная ежедневная привычка. Работа над ошибками запущена 1 раз: это конкретная учебная деятельность, а не просто просмотр экранов. Premium показан 3 раз; checkout начат 1 раз; наблюдаемых отмен checkout 1. Показ не доказывает намерение купить. Нового production-платежа RevenueCat с этим ID в периоде не найдено. Покупки вне периода этим не исключаются."
usr_3799680b-02ed-4e46-b546-1578fa254b52,CZ,"Открыл, без наблюдаемых ответов",1,1,2026-10-09T03:12:21.101000+02:00,False,0,0,0,0,0,0,1,0,0,0,0,0,0.48,False,False,"Home показан, но учебных ответов в окне не наблюдается. Это история без подтверждённой первой учебной ценности; не доказательство удаления приложения или отказа от обучения. Premium показан 1 раз; checkout начат 0 раз; наблюдаемых отмен checkout 0. Показ не доказывает намерение купить. Нового production-платежа RevenueCat с этим ID в периоде не найдено. Покупки вне периода этим не исключаются."
usr_383cfb66-248c-4da0-9600-12925a577799,CZ,"Открыл, без наблюдаемых ответов",1,1,2026-10-01T10:58:58.373000+02:00,False,0,0,0,0,0,0,2,1,1,0,0,0,,False,False,"Home показан, но учебных ответов в окне не наблюдается. Это история без подтверждённой первой учебной ценности; не доказательство удаления приложения или отказа от обучения. Premium показан 2 раз; checkout начат 1 раз; наблюдаемых отмен checkout 1. Показ не доказывает намерение купить. Нового production-платежа RevenueCat с этим ID в периоде не найдено. Покупки вне периода этим не исключаются."
usr_397a1056-dedd-4d22-8dbb-4934ec167fe7,CZ,Только тренировки,2,2,2026-10-05T15:31:49.942000+02:00,False,24,24,0,0,17,7,2,0,0,0,0,0,11.8,False,False,"Наблюдаемый сценарий: только тренировки. Ответов 24: training 24, exam 0, signs 0. Активность распределена по 2 дням; повторный приход наблюдается, активность в пропусках неизвестна. Premium показан 2 раз; checkout начат 0 раз; наблюдаемых отмен checkout 0. Показ не доказывает намерение купить. Нового production-платежа RevenueCat с этим ID в периоде не найдено. Покупки вне периода этим не исключаются. Ошибок с user_visible=false: 24. Они не доказывают видимый blocker или потерю локального прогресса."
usr_3cad67c8-295c-4530-ace4-7e122f492a57,CZ,Только экзамены,1,1,2026-09-30T23:18:59.879000+02:00,False,32,0,32,0,25,7,1,0,0,0,0,0,,False,False,"Наблюдаемый сценарий: только экзамены. Ответов 32: training 0, exam 32, signs 0. Вся активность приходится на один календарный день: наблюдается эпизод использования, а не доказанная ежедневная привычка. Новые результаты экзамена: успешных 1, неудачных 0. Результаты относятся к версии, правилам и категории в момент события. Premium показан 1 раз; checkout начат 0 раз; наблюдаемых отмен checkout 0. Показ не доказывает намерение купить. Нового production-платежа RevenueCat с этим ID в периоде не найдено. Покупки вне периода этим не исключаются."
usr_3efd138f-1432-4aa5-841b-41061e11ce0f,CZ,Только тренировки,2,2,2026-10-02T20:07:22.423000+02:00,False,53,53,0,0,42,11,1,0,0,0,0,0,,False,False,"Наблюдаемый сценарий: только тренировки. Ответов 53: training 53, exam 0, signs 0. Активность распределена по 2 дням; повторный приход наблюдается, активность в пропусках неизвестна. Работа над ошибками запущена 1 раз: это конкретная учебная деятельность, а не просто просмотр экранов. Premium показан 1 раз; checkout начат 0 раз; наблюдаемых отмен checkout 0. Показ не доказывает намерение купить. Нового production-платежа RevenueCat с этим ID в периоде не найдено. Покупки вне периода этим не исключаются."
usr_4134d989-01fd-4faa-b9c5-baceb26f41be,CZ,"Открыл, без наблюдаемых ответов",1,1,2026-10-01T10:44:23.173000+02:00,False,0,0,0,0,0,0,1,0,0,0,0,0,,False,False,"Home показан, но учебных ответов в окне не наблюдается. Это история без подтверждённой первой учебной ценности; не доказательство удаления приложения или отказа от обучения. Premium показан 1 раз; checkout начат 0 раз; наблюдаемых отмен checkout 0. Показ не доказывает намерение купить. Нового production-платежа RevenueCat с этим ID в периоде не найдено. Покупки вне периода этим не исключаются."
usr_41eea210-0d46-4b4b-ae1b-6b05306c2e14,CZ,"Открыл, без наблюдаемых ответов",1,1,2026-10-05T15:27:46.321000+02:00,False,0,0,0,0,0,0,0,0,0,0,0,0,0.14,False,False,"Home показан, но учебных ответов в окне не наблюдается. Это история без подтверждённой первой учебной ценности; не доказательство удаления приложения или отказа от обучения. Нового production-платежа RevenueCat с этим ID в периоде не найдено. Покупки вне периода этим не исключаются."
usr_4362e50f-a0b7-4c28-948d-b41dd0dc55ed,CZ,Только тренировки,2,2,2026-09-25T20:22:14.566000+02:00,True,43,43,0,0,34,9,2,0,0,0,0,0,0.58,False,False,"Наблюдаемый сценарий: только тренировки. Ответов 43: training 43, exam 0, signs 0. Активность распределена по 2 дням; повторный приход наблюдается, активность в пропусках неизвестна. Premium показан 2 раз; checkout начат 0 раз; наблюдаемых отмен checkout 0. Показ не доказывает намерение купить. Нового production-платежа RevenueCat с этим ID в периоде не найдено. Покупки вне периода этим не исключаются."
usr_44b5798a-8aba-4f52-adee-0113d843afd8,CZ,Смешанное обучение,1,1,2026-10-07T16:21:22.670000+02:00,False,65,5,0,60,48,17,1,0,0,0,0,0,18.71,False,False,"Наблюдаемый сценарий: смешанное обучение. Ответов 65: training 5, exam 0, signs 60. Вся активность приходится на один календарный день: наблюдается эпизод использования, а не доказанная ежедневная привычка. Premium показан 1 раз; checkout начат 0 раз; наблюдаемых отмен checkout 0. Показ не доказывает намерение купить. Нового production-платежа RevenueCat с этим ID в периоде не найдено. Покупки вне периода этим не исключаются. Ошибок с user_visible=false: 5. Они не доказывают видимый blocker или потерю локального прогресса."
usr_46aed661-d473-4da0-87c1-e2c5c900223e,PL,Только экзамены,12,15,2026-09-25T12:47:07.532000+02:00,True,587,0,587,0,398,189,14,0,0,0,0,0,,False,False,"Наблюдаемый сценарий: только экзамены. Ответов 587: training 0, exam 587, signs 0. Активность распределена по 12 дням; повторный приход наблюдается, активность в пропусках неизвестна. Новые результаты экзамена: успешных 0, неудачных 17. Результаты относятся к версии, правилам и категории в момент события. После неудачных экзаменов следующий учебный старт: новый экзамен — 17. Это эпизоды в окне, не причинный эффект. Premium показан 14 раз; checkout начат 0 раз; наблюдаемых отмен checkout 0. Показ не доказывает намерение купить. Нового production-платежа RevenueCat с этим ID в периоде не найдено. Покупки вне периода этим не исключаются."
usr_46c2dfa0-8927-41e5-8df1-abe5407bbaf3,CZ,Только тренировки,2,3,2026-10-05T10:06:05.606000+02:00,False,50,50,0,0,34,16,5,0,0,0,0,0,12.52,False,False,"Наблюдаемый сценарий: только тренировки. Ответов 50: training 50, exam 0, signs 0. Активность распределена по 2 дням; повторный приход наблюдается, активность в пропусках неизвестна. Premium показан 5 раз; checkout начат 0 раз; наблюдаемых отмен checkout 0. Показ не доказывает намерение купить. Нового production-платежа RevenueCat с этим ID в периоде не найдено. Покупки вне периода этим не исключаются. Ошибок с user_visible=false: 50. Они не доказывают видимый blocker или потерю локального прогресса."
usr_4b6a5ada-7f31-469f-a76d-7b6585e2eba3,CZ,Только тренировки,1,2,2026-10-01T20:27:20.996000+02:00,False,27,27,0,0,14,13,1,0,0,0,0,0,,False,False,"Наблюдаемый сценарий: только тренировки. Ответов 27: training 27, exam 0, signs 0. Вся активность приходится на один календарный день: наблюдается эпизод использования, а не доказанная ежедневная привычка. Premium показан 1 раз; checkout начат 0 раз; наблюдаемых отмен checkout 0. Показ не доказывает намерение купить. Нового production-платежа RevenueCat с этим ID в периоде не найдено. Покупки вне периода этим не исключаются."
usr_4b75ba87-683a-48a3-8861-87c7a4b9d00e,CZ,Только тесты знаков,2,2,2026-09-07T22:39:17.873000+02:00,True,122,0,0,122,121,1,1,0,0,0,0,0,,False,False,"Наблюдаемый сценарий: только тесты знаков. Ответов 122: training 0, exam 0, signs 122. Активность распределена по 2 дням; повторный приход наблюдается, активность в пропусках неизвестна. Premium показан 1 раз; checkout начат 0 раз; наблюдаемых отмен checkout 0. Показ не доказывает намерение купить. Нового production-платежа RevenueCat с этим ID в периоде не найдено. Покупки вне периода этим не исключаются."
usr_4c42da51-fbcb-4910-b123-2d4f4da2a34a,CZ,Только тренировки,1,1,2026-10-03T18:26:11.296000+02:00,False,13,13,0,0,10,3,1,0,0,0,0,0,6.99,False,False,"Наблюдаемый сценарий: только тренировки. Ответов 13: training 13, exam 0, signs 0. Вся активность приходится на один календарный день: наблюдается эпизод использования, а не доказанная ежедневная привычка. Premium показан 1 раз; checkout начат 0 раз; наблюдаемых отмен checkout 0. Показ не доказывает намерение купить. Нового production-платежа RevenueCat с этим ID в периоде не найдено. Покупки вне периода этим не исключаются. Ошибок с user_visible=false: 13. Они не доказывают видимый blocker или потерю локального прогресса."
usr_4d30acab-1898-4313-a605-d976c48196bc,PL,Смешанное обучение,1,1,2026-10-05T20:19:20.515000+02:00,False,82,50,32,0,56,26,6,0,0,0,0,0,16.77,False,False,"Наблюдаемый сценарий: смешанное обучение. Ответов 82: training 50, exam 32, signs 0. Вся активность приходится на один календарный день: наблюдается эпизод использования, а не доказанная ежедневная привычка. Работа над ошибками запущена 1 раз: это конкретная учебная деятельность, а не просто просмотр экранов. Новые результаты экзамена: успешных 0, неудачных 1. Результаты относятся к версии, правилам и категории в момент события. После неудачных экзаменов следующий учебный старт: следующий учебный старт не наблюдается — 1. Это эпизоды в окне, не причинный эффект. Premium показан 6 раз; checkout начат 0 раз; наблюдаемых отмен checkout 0. Показ не доказывает намерение купить. Нового production-платежа RevenueCat с этим ID в периоде не найдено. Покупки вне периода этим не исключаются. Ошибок с user_visible=false: 50. Они не доказывают видимый blocker или потерю локального прогресса."
usr_4e87b834-3659-4b5d-974f-73aa422cb3e7,CZ,Только тренировки,1,1,2026-10-09T19:19:01.812000+02:00,False,27,27,0,0,20,7,4,0,0,0,0,0,23.18,False,False,"Наблюдаемый сценарий: только тренировки. Ответов 27: training 27, exam 0, signs 0. Вся активность приходится на один календарный день: наблюдается эпизод использования, а не доказанная ежедневная привычка. Работа над ошибками запущена 1 раз: это конкретная учебная деятельность, а не просто просмотр экранов. Premium показан 4 раз; checkout начат 0 раз; наблюдаемых отмен checkout 0. Показ не доказывает намерение купить. Нового production-платежа RevenueCat с этим ID в периоде не найдено. Покупки вне периода этим не исключаются. Ошибок с user_visible=false: 27. Они не доказывают видимый blocker или потерю локального прогресса."
usr_52d348ea-e2b4-4fac-a64d-95de51071654,CZ,Только тренировки,1,1,2026-10-09T15:48:32.610000+02:00,False,6,6,0,0,4,2,1,0,0,0,0,0,1.8,False,False,"Наблюдаемый сценарий: только тренировки. Ответов 6: training 6, exam 0, signs 0. Вся активность приходится на один календарный день: наблюдается эпизод использования, а не доказанная ежедневная привычка. Premium показан 1 раз; checkout начат 0 раз; наблюдаемых отмен checkout 0. Показ не доказывает намерение купить. Нового production-платежа RevenueCat с этим ID в периоде не найдено. Покупки вне периода этим не исключаются. Ошибок с user_visible=false: 6. Они не доказывают видимый blocker или потерю локального прогресса."
usr_52e0b1ad-9639-4bc6-a68f-93299d8b643d,CZ,Только тесты знаков,1,1,2026-10-06T21:45:58.689000+02:00,False,2,0,0,2,2,0,0,0,0,0,0,0,1.66,False,False,"Наблюдаемый сценарий: только тесты знаков. Ответов 2: training 0, exam 0, signs 2. Вся активность приходится на один календарный день: наблюдается эпизод использования, а не доказанная ежедневная привычка. Нового production-платежа RevenueCat с этим ID в периоде не найдено. Покупки вне периода этим не исключаются."
usr_52fe6e0f-b1ec-4877-bf3a-ac7586c6e840,CZ,Только тренировки,1,1,2026-10-07T11:45:08.993000+02:00,False,25,25,0,0,15,10,3,2,2,0,0,0,22.57,False,True,"Наблюдаемый сценарий: только тренировки. Ответов 25: training 25, exam 0, signs 0. Вся активность приходится на один календарный день: наблюдается эпизод использования, а не доказанная ежедневная привычка. Premium показан 3 раз; checkout начат 2 раз; наблюдаемых отмен checkout 2. Показ не доказывает намерение купить. Нового production-платежа RevenueCat с этим ID в периоде не найдено. Покупки вне периода этим не исключаются. Ошибок с user_visible=false: 25. Они не доказывают видимый blocker или потерю локального прогресса. Есть расхождение client_occurred_at и timestamp PostHog больше часа. Даты и связи между runtime ограничены; основной clock отчёта — PostHog timestamp."
usr_545b22a0-409a-4c49-97c9-e3f3769d4b39,CZ,Только тренировки,1,1,2026-10-02T19:24:43.645000+02:00,False,22,22,0,0,14,8,1,0,0,0,0,0,,False,False,"Наблюдаемый сценарий: только тренировки. Ответов 22: training 22, exam 0, signs 0. Вся активность приходится на один календарный день: наблюдается эпизод использования, а не доказанная ежедневная привычка. Premium показан 1 раз; checkout начат 0 раз; наблюдаемых отмен checkout 0. Показ не доказывает намерение купить. Нового production-платежа RevenueCat с этим ID в периоде не найдено. Покупки вне периода этим не исключаются."
usr_56173d01-8253-4ec0-8c3e-7e2134828e81,CZ,Только тренировки,3,4,2026-09-08T14:37:45.208000+02:00,True,11,11,0,0,7,4,2,0,0,0,0,0,2.99,False,False,"Наблюдаемый сценарий: только тренировки. Ответов 11: training 11, exam 0, signs 0. Активность распределена по 3 дням; повторный приход наблюдается, активность в пропусках неизвестна. Premium показан 2 раз; checkout начат 0 раз; наблюдаемых отмен checkout 0. Показ не доказывает намерение купить. Нового production-платежа RevenueCat с этим ID в периоде не найдено. Покупки вне периода этим не исключаются. Ошибок с user_visible=false: 11. Они не доказывают видимый blocker или потерю локального прогресса."
usr_5674f794-c03e-4175-a0d7-3d34dac272b3,CZ,Смешанное обучение,1,2,2026-09-28T05:12:39.047000+02:00,False,67,12,55,0,38,29,2,0,0,0,0,0,,False,False,"Наблюдаемый сценарий: смешанное обучение. Ответов 67: training 12, exam 55, signs 0. Вся активность приходится на один календарный день: наблюдается эпизод использования, а не доказанная ежедневная привычка. Работа над ошибками запущена 1 раз: это конкретная учебная деятельность, а не просто просмотр экранов. Новые результаты экзамена: успешных 0, неудачных 2. Результаты относятся к версии, правилам и категории в момент события. После неудачных экзаменов следующий учебный старт: тренировка — 2. Это эпизоды в окне, не причинный эффект. Premium показан 2 раз; checkout начат 0 раз; наблюдаемых отмен checkout 0. Показ не доказывает намерение купить. Нового production-платежа RevenueCat с этим ID в периоде не найдено. Покупки вне периода этим не исключаются."
usr_5684379e-8dbc-42a6-a87f-148913a031e3,CZ,Только тренировки,2,1,2026-10-07T23:53:27.003000+02:00,False,1,1,0,0,0,1,1,0,0,0,0,0,1.06,False,False,"Наблюдаемый сценарий: только тренировки. Ответов 1: training 1, exam 0, signs 0. Активность распределена по 2 дням; повторный приход наблюдается, активность в пропусках неизвестна. Premium показан 1 раз; checkout начат 0 раз; наблюдаемых отмен checkout 0. Показ не доказывает намерение купить. Нового production-платежа RevenueCat с этим ID в периоде не найдено. Покупки вне периода этим не исключаются. Ошибок с user_visible=false: 1. Они не доказывают видимый blocker или потерю локального прогресса."
usr_57272e7e-6378-4906-a3c6-d4ec2d0d96a9,PL,Только тренировки,1,1,2026-09-27T10:22:01.626000+02:00,False,2,2,0,0,2,0,0,0,0,0,0,0,,False,False,"Наблюдаемый сценарий: только тренировки. Ответов 2: training 2, exam 0, signs 0. Вся активность приходится на один календарный день: наблюдается эпизод использования, а не доказанная ежедневная привычка. Нового production-платежа RevenueCat с этим ID в периоде не найдено. Покупки вне периода этим не исключаются."
usr_57b785b8-95ad-4432-9ab9-63281e445856,CZ,"Открыл, без наблюдаемых ответов",1,1,2026-10-05T14:35:19.920000+02:00,False,0,0,0,0,0,0,0,0,0,0,0,0,,False,False,"Home показан, но учебных ответов в окне не наблюдается. Это история без подтверждённой первой учебной ценности; не доказательство удаления приложения или отказа от обучения. Нового production-платежа RevenueCat с этим ID в периоде не найдено. Покупки вне периода этим не исключаются."
usr_58588ed8-3923-4f19-89b2-c189643d32d9,CZ,Только тренировки,2,2,2026-10-06T23:53:10.597000+02:00,False,2,2,0,0,2,0,0,0,0,0,0,0,1.93,False,False,"Наблюдаемый сценарий: только тренировки. Ответов 2: training 2, exam 0, signs 0. Активность распределена по 2 дням; повторный приход наблюдается, активность в пропусках неизвестна. Нового production-платежа RevenueCat с этим ID в периоде не найдено. Покупки вне периода этим не исключаются. Ошибок с user_visible=false: 2. Они не доказывают видимый blocker или потерю локального прогресса."
usr_59f04ba4-9d67-4213-adb0-08e635685aab,CZ,Только тренировки,2,3,2026-10-07T21:58:51.567000+02:00,False,41,41,0,0,24,17,4,0,0,0,0,0,12.73,False,False,"Наблюдаемый сценарий: только тренировки. Ответов 41: training 41, exam 0, signs 0. Активность распределена по 2 дням; повторный приход наблюдается, активность в пропусках неизвестна. Работа над ошибками запущена 1 раз: это конкретная учебная деятельность, а не просто просмотр экранов. Premium показан 4 раз; checkout начат 0 раз; наблюдаемых отмен checkout 0. Показ не доказывает намерение купить. Нового production-платежа RevenueCat с этим ID в периоде не найдено. Покупки вне периода этим не исключаются. Ошибок с user_visible=false: 41. Они не доказывают видимый blocker или потерю локального прогресса."
usr_5a17afda-70c3-467b-aa66-d326034a58dc,CZ,Смешанное обучение,2,3,2026-10-05T10:31:48.670000+02:00,False,434,37,17,380,384,50,1,0,0,0,0,0,51.82,False,False,"Наблюдаемый сценарий: смешанное обучение. Ответов 434: training 37, exam 17, signs 380. Активность распределена по 2 дням; повторный приход наблюдается, активность в пропусках неизвестна. Работа над ошибками запущена 1 раз: это конкретная учебная деятельность, а не просто просмотр экранов. Premium показан 1 раз; checkout начат 0 раз; наблюдаемых отмен checkout 0. Показ не доказывает намерение купить. Нового production-платежа RevenueCat с этим ID в периоде не найдено. Покупки вне периода этим не исключаются. Ошибок с user_visible=false: 37. Они не доказывают видимый blocker или потерю локального прогресса."
usr_5a19ecdc-ca60-49ac-af30-00e5dc5b9416,PL,"Открыл, без наблюдаемых ответов",1,1,2026-09-29T21:05:12.059000+02:00,False,0,0,0,0,0,0,0,0,0,0,0,0,,False,False,"Учебная попытка запущена, но принятого ответа в этом окне не наблюдается. Это кандидат на разбор первого вопроса и доступности контента; причина остановки из этих событий не следует. Нового production-платежа RevenueCat с этим ID в периоде не найдено. Покупки вне периода этим не исключаются."
usr_5af87f99-4ea4-418f-bfe3-b381266e104c,CZ,Смешанное обучение,1,2,2026-10-09T17:04:19.155000+02:00,False,50,25,25,0,33,17,4,0,0,0,0,0,12.82,False,False,"Наблюдаемый сценарий: смешанное обучение. Ответов 50: training 25, exam 25, signs 0. Вся активность приходится на один календарный день: наблюдается эпизод использования, а не доказанная ежедневная привычка. Работа над ошибками запущена 1 раз: это конкретная учебная деятельность, а не просто просмотр экранов. Новые результаты экзамена: успешных 0, неудачных 1. Результаты относятся к версии, правилам и категории в момент события. После неудачных экзаменов следующий учебный старт: тренировка — 1. Это эпизоды в окне, не причинный эффект. Premium показан 4 раз; checkout начат 0 раз; наблюдаемых отмен checkout 0. Показ не доказывает намерение купить. Нового production-платежа RevenueCat с этим ID в периоде не найдено. Покупки вне периода этим не исключаются. Ошибок с user_visible=false: 25. Они не доказывают видимый blocker или потерю локального прогресса."
usr_5b6e2da4-546f-4631-aed7-b8689a743ac2,PL,"Открыл, без наблюдаемых ответов",1,1,2026-10-08T14:00:40.872000+02:00,False,0,0,0,0,0,0,2,0,0,0,0,0,4.0,True,False,"Home показан, но учебных ответов в окне не наблюдается. Это история без подтверждённой первой учебной ценности; не доказательство удаления приложения или отказа от обучения. Premium показан 2 раз; checkout начат 0 раз; наблюдаемых отмен checkout 0. Показ не доказывает намерение купить. Нового production-платежа RevenueCat с этим ID в периоде не найдено. Покупки вне периода этим не исключаются. ASA 1234567890/12323222: подозрение на тест, пока не подтверждённый пользователем. ID сохранён в основных числах и помечен."
usr_5b8770fc-c2dd-4989-aa0d-5b4a3cbf2511,CZ,"Открыл, без наблюдаемых ответов",1,1,2026-10-06T15:07:32.784000+02:00,False,0,0,0,0,0,0,1,0,0,0,0,0,0.96,False,False,"Home показан, но учебных ответов в окне не наблюдается. Это история без подтверждённой первой учебной ценности; не доказательство удаления приложения или отказа от обучения. Premium показан 1 раз; checkout начат 0 раз; наблюдаемых отмен checkout 0. Показ не доказывает намерение купить. Нового production-платежа RevenueCat с этим ID в периоде не найдено. Покупки вне периода этим не исключаются."
usr_5bbf3ec6-53e0-4bba-af5b-89f2e90a720c,CZ,Смешанное обучение,1,1,2026-10-05T19:15:54.682000+02:00,False,21,20,1,0,11,10,0,0,0,0,0,0,10.36,False,False,"Наблюдаемый сценарий: смешанное обучение. Ответов 21: training 20, exam 1, signs 0. Вся активность приходится на один календарный день: наблюдается эпизод использования, а не доказанная ежедневная привычка. Нового production-платежа RevenueCat с этим ID в периоде не найдено. Покупки вне периода этим не исключаются. Ошибок с user_visible=false: 20. Они не доказывают видимый blocker или потерю локального прогресса."
usr_5c0d289c-f3cd-471d-87c5-847e331712a5,CZ,Только тренировки,2,4,2026-10-07T22:24:17.259000+02:00,False,41,41,0,0,31,10,1,0,0,0,0,0,21.0,False,False,"Наблюдаемый сценарий: только тренировки. Ответов 41: training 41, exam 0, signs 0. Активность распределена по 2 дням; повторный приход наблюдается, активность в пропусках неизвестна. Premium показан 1 раз; checkout начат 0 раз; наблюдаемых отмен checkout 0. Показ не доказывает намерение купить. Нового production-платежа RevenueCat с этим ID в периоде не найдено. Покупки вне периода этим не исключаются. Ошибок с user_visible=false: 41. Они не доказывают видимый blocker или потерю локального прогресса."
usr_5cb0a855-8eb2-40bf-95c4-f8daf298e696,CZ,Только тренировки,2,2,2026-10-06T16:44:20.744000+02:00,False,41,41,0,0,31,10,6,0,0,0,0,0,10.16,False,False,"Наблюдаемый сценарий: только тренировки. Ответов 41: training 41, exam 0, signs 0. Активность распределена по 2 дням; повторный приход наблюдается, активность в пропусках неизвестна. Работа над ошибками запущена 1 раз: это конкретная учебная деятельность, а не просто просмотр экранов. Premium показан 6 раз; checkout начат 0 раз; наблюдаемых отмен checkout 0. Показ не доказывает намерение купить. Нового production-платежа RevenueCat с этим ID в периоде не найдено. Покупки вне периода этим не исключаются. Ошибок с user_visible=false: 41. Они не доказывают видимый blocker или потерю локального прогресса."
usr_5da95bf7-bf6a-47fe-ba3c-ff3f1ff72f6b,PL,"Открыл, без наблюдаемых ответов",1,1,2026-09-24T22:36:41.464000+02:00,True,0,0,0,0,0,0,0,0,0,0,0,0,0.01,False,False,"Есть открытие или навигация, но учебных ответов не наблюдается. Данных недостаточно для объяснения причины. Нового production-платежа RevenueCat с этим ID в периоде не найдено. Покупки вне периода этим не исключаются."
usr_5f5d555a-8c57-4a14-a6bd-08ac4d4373a6,CZ,Смешанное обучение,7,18,2026-09-27T16:20:34.621000+02:00,False,1318,469,129,720,973,345,29,2,2,0,0,0,0.14,False,False,"Наблюдаемый сценарий: смешанное обучение. Ответов 1318: training 469, exam 129, signs 720. Активность распределена по 7 дням; повторный приход наблюдается, активность в пропусках неизвестна. Работа над ошибками запущена 7 раз: это конкретная учебная деятельность, а не просто просмотр экранов. Новые результаты экзамена: успешных 0, неудачных 4. Результаты относятся к версии, правилам и категории в момент события. После неудачных экзаменов следующий учебный старт: тренировка — 4. Это эпизоды в окне, не причинный эффект. Premium показан 29 раз; checkout начат 2 раз; наблюдаемых отмен checkout 2. Показ не доказывает намерение купить. Нового production-платежа RevenueCat с этим ID в периоде не найдено. Покупки вне периода этим не исключаются."
usr_60141d10-a918-47c5-b472-8367ab2a9547,CZ,Только тренировки,1,2,2026-09-29T21:14:01.709000+02:00,False,24,24,0,0,13,11,1,0,0,0,0,0,,False,False,"Наблюдаемый сценарий: только тренировки. Ответов 24: training 24, exam 0, signs 0. Вся активность приходится на один календарный день: наблюдается эпизод использования, а не доказанная ежедневная привычка. Premium показан 1 раз; checkout начат 0 раз; наблюдаемых отмен checkout 0. Показ не доказывает намерение купить. Нового production-платежа RevenueCat с этим ID в периоде не найдено. Покупки вне периода этим не исключаются."
usr_608b106b-d062-46b7-b9f3-2d727a0f4374,CZ,Только тренировки,1,1,2026-10-09T19:18:20.193000+02:00,False,28,28,0,0,23,5,2,0,0,0,0,0,13.98,False,False,"Наблюдаемый сценарий: только тренировки. Ответов 28: training 28, exam 0, signs 0. Вся активность приходится на один календарный день: наблюдается эпизод использования, а не доказанная ежедневная привычка. Работа над ошибками запущена 1 раз: это конкретная учебная деятельность, а не просто просмотр экранов. Premium показан 2 раз; checkout начат 0 раз; наблюдаемых отмен checkout 0. Показ не доказывает намерение купить. Нового production-платежа RevenueCat с этим ID в периоде не найдено. Покупки вне периода этим не исключаются. Ошибок с user_visible=false: 28. Они не доказывают видимый blocker или потерю локального прогресса."
usr_62a1751c-a731-4526-8567-03983608c2eb,CZ,Смешанное обучение,5,7,2026-09-21T22:13:11.865000+02:00,True,501,132,369,0,352,149,6,1,0,1,1,6.834,,False,False,"Наблюдаемый сценарий: смешанное обучение. Ответов 501: training 132, exam 369, signs 0. Активность распределена по 5 дням; повторный приход наблюдается, активность в пропусках неизвестна. Работа над ошибками запущена 8 раз: это конкретная учебная деятельность, а не просто просмотр экранов. Новые результаты экзамена: успешных 1, неудачных 12. Результаты относятся к версии, правилам и категории в момент события. После неудачных экзаменов следующий учебный старт: тренировка — 3, новый экзамен — 8, следующий учебный старт не наблюдается — 1. Это эпизоды в окне, не причинный эффект. Premium показан 6 раз; checkout начат 1 раз; наблюдаемых отмен checkout 0. Показ не доказывает намерение купить. RevenueCat: 1 source charge, gross USD 6.83. Ответов до/после первого charge в окне 398/103; учебные ответы на следующий календарный день наблюдаются. Это не доказательство влияния покупки на обучение."
usr_6635abe7-43b6-4d99-8809-c031405ae9cd,CZ,Смешанное обучение,1,1,2026-10-08T00:31:29.828000+02:00,False,99,46,0,53,91,8,3,0,0,0,0,0,13.02,False,False,"Наблюдаемый сценарий: смешанное обучение. Ответов 99: training 46, exam 0, signs 53. Вся активность приходится на один календарный день: наблюдается эпизод использования, а не доказанная ежедневная привычка. Premium показан 3 раз; checkout начат 0 раз; наблюдаемых отмен checkout 0. Показ не доказывает намерение купить. Нового production-платежа RevenueCat с этим ID в периоде не найдено. Покупки вне периода этим не исключаются. Ошибок с user_visible=false: 46. Они не доказывают видимый blocker или потерю локального прогресса."
usr_665af443-8037-42e2-b293-0b68f2765df6,CZ,Только тренировки,1,1,2026-09-29T20:05:27.040000+02:00,False,48,48,0,0,36,12,5,0,0,0,0,0,,False,False,"Наблюдаемый сценарий: только тренировки. Ответов 48: training 48, exam 0, signs 0. Вся активность приходится на один календарный день: наблюдается эпизод использования, а не доказанная ежедневная привычка. Работа над ошибками запущена 1 раз: это конкретная учебная деятельность, а не просто просмотр экранов. Premium показан 5 раз; checkout начат 0 раз; наблюдаемых отмен checkout 0. Показ не доказывает намерение купить. Нового production-платежа RevenueCat с этим ID в периоде не найдено. Покупки вне периода этим не исключаются."
usr_66ae311f-ec7d-4e35-a55f-82b151461d6a,SK,Только тренировки,1,1,2026-10-01T16:46:41.518000+02:00,False,18,18,0,0,10,8,2,0,0,0,0,0,,False,False,"Наблюдаемый сценарий: только тренировки. Ответов 18: training 18, exam 0, signs 0. Вся активность приходится на один календарный день: наблюдается эпизод использования, а не доказанная ежедневная привычка. Работа над ошибками запущена 1 раз: это конкретная учебная деятельность, а не просто просмотр экранов. Premium показан 2 раз; checkout начат 0 раз; наблюдаемых отмен checkout 0. Показ не доказывает намерение купить. Нового production-платежа RevenueCat с этим ID в периоде не найдено. Покупки вне периода этим не исключаются."
usr_67da8e85-1a69-4bb6-9f4e-256d8c51b99a,CZ,Смешанное обучение,6,20,2026-09-23T15:19:05.269000+02:00,True,491,440,51,0,391,100,3,0,0,0,0,0,4.61,False,False,"Наблюдаемый сценарий: смешанное обучение. Ответов 491: training 440, exam 51, signs 0. Активность распределена по 6 дням; повторный приход наблюдается, активность в пропусках неизвестна. Работа над ошибками запущена 16 раз: это конкретная учебная деятельность, а не просто просмотр экранов. Новые результаты экзамена: успешных 0, неудачных 2. Результаты относятся к версии, правилам и категории в момент события. После неудачных экзаменов следующий учебный старт: тренировка — 2. Это эпизоды в окне, не причинный эффект. Premium показан 3 раз; checkout начат 0 раз; наблюдаемых отмен checkout 0. Показ не доказывает намерение купить. Нового production-платежа RevenueCat с этим ID в периоде не найдено. Покупки вне периода этим не исключаются."
usr_684ba376-7e2d-4a6e-bacc-bb8b4f6a4c3f,CZ,Только тренировки,1,1,2026-10-05T20:51:50.985000+02:00,False,31,31,0,0,17,14,4,0,0,0,0,0,13.19,False,False,"Наблюдаемый сценарий: только тренировки. Ответов 31: training 31, exam 0, signs 0. Вся активность приходится на один календарный день: наблюдается эпизод использования, а не доказанная ежедневная привычка. Работа над ошибками запущена 1 раз: это конкретная учебная деятельность, а не просто просмотр экранов. Premium показан 4 раз; checkout начат 0 раз; наблюдаемых отмен checkout 0. Показ не доказывает намерение купить. Нового production-платежа RevenueCat с этим ID в периоде не найдено. Покупки вне периода этим не исключаются. Ошибок с user_visible=false: 31. Они не доказывают видимый blocker или потерю локального прогресса."
usr_69e38572-2d34-426e-af1d-380c780c47c9,CZ,Смешанное обучение,5,5,2026-09-24T05:39:35.385000+02:00,True,87,9,78,0,57,30,4,0,0,0,0,0,,False,False,"Наблюдаемый сценарий: смешанное обучение. Ответов 87: training 9, exam 78, signs 0. Активность распределена по 5 дням; повторный приход наблюдается, активность в пропусках неизвестна. Работа над ошибками запущена 4 раз: это конкретная учебная деятельность, а не просто просмотр экранов. Новые результаты экзамена: успешных 0, неудачных 3. Результаты относятся к версии, правилам и категории в момент события. После неудачных экзаменов следующий учебный старт: тренировка — 3. Это эпизоды в окне, не причинный эффект. Premium показан 4 раз; checkout начат 0 раз; наблюдаемых отмен checkout 0. Показ не доказывает намерение купить. Нового production-платежа RevenueCat с этим ID в периоде не найдено. Покупки вне периода этим не исключаются."
usr_6a865774-6efd-4a29-9328-b91056c4f46f,PL,"Открыл, без наблюдаемых ответов",1,1,2026-09-30T07:43:25.432000+02:00,False,0,0,0,0,0,0,0,0,0,0,0,0,,False,False,"Home показан, но учебных ответов в окне не наблюдается. Это история без подтверждённой первой учебной ценности; не доказательство удаления приложения или отказа от обучения. Нового production-платежа RevenueCat с этим ID в периоде не найдено. Покупки вне периода этим не исключаются."
usr_6afdaa65-4743-468b-89ef-0a4b5a657808,SK,Только тренировки,1,1,2026-10-04T11:37:51.534000+02:00,False,12,12,0,0,10,2,1,0,0,0,0,0,6.33,False,False,"Наблюдаемый сценарий: только тренировки. Ответов 12: training 12, exam 0, signs 0. Вся активность приходится на один календарный день: наблюдается эпизод использования, а не доказанная ежедневная привычка. Premium показан 1 раз; checkout начат 0 раз; наблюдаемых отмен checkout 0. Показ не доказывает намерение купить. Нового production-платежа RevenueCat с этим ID в периоде не найдено. Покупки вне периода этим не исключаются. Ошибок с user_visible=false: 12. Они не доказывают видимый blocker или потерю локального прогресса."
usr_6b525a01-9257-4ff4-abbe-c3f7ddcb36c9,CZ,Смешанное обучение,1,4,2026-10-04T09:45:40.464000+02:00,False,297,3,0,294,237,60,1,0,0,0,0,0,27.74,False,False,"Наблюдаемый сценарий: смешанное обучение. Ответов 297: training 3, exam 0, signs 294. Вся активность приходится на один календарный день: наблюдается эпизод использования, а не доказанная ежедневная привычка. Premium показан 1 раз; checkout начат 0 раз; наблюдаемых отмен checkout 0. Показ не доказывает намерение купить. Нового production-платежа RevenueCat с этим ID в периоде не найдено. Покупки вне периода этим не исключаются. Ошибок с user_visible=false: 3. Они не доказывают видимый blocker или потерю локального прогресса."
usr_6d08ab5c-cc92-46da-a075-153f7b4122e0,CZ,Только тренировки,1,1,2026-10-03T08:15:44.819000+02:00,False,56,56,0,0,45,11,7,0,0,0,0,0,13.6,False,False,"Наблюдаемый сценарий: только тренировки. Ответов 56: training 56, exam 0, signs 0. Вся активность приходится на один календарный день: наблюдается эпизод использования, а не доказанная ежедневная привычка. Работа над ошибками запущена 1 раз: это конкретная учебная деятельность, а не просто просмотр экранов. Premium показан 7 раз; checkout начат 0 раз; наблюдаемых отмен checkout 0. Показ не доказывает намерение купить. Нового production-платежа RevenueCat с этим ID в периоде не найдено. Покупки вне периода этим не исключаются. Ошибок с user_visible=false: 56. Они не доказывают видимый blocker или потерю локального прогресса."
usr_6e35848f-4f36-4210-8400-94d407ef2872,CZ,Только тренировки,2,2,2026-09-29T20:53:16.508000+02:00,False,37,37,0,0,29,8,4,0,0,0,0,0,,False,False,"Наблюдаемый сценарий: только тренировки. Ответов 37: training 37, exam 0, signs 0. Активность распределена по 2 дням; повторный приход наблюдается, активность в пропусках неизвестна. Работа над ошибками запущена 1 раз: это конкретная учебная деятельность, а не просто просмотр экранов. Premium показан 4 раз; checkout начат 0 раз; наблюдаемых отмен checkout 0. Показ не доказывает намерение купить. Нового production-платежа RevenueCat с этим ID в периоде не найдено. Покупки вне периода этим не исключаются."
usr_6fde5c63-e0b6-4039-9389-9f966cb95764,CZ,Только тесты знаков,1,1,2026-10-06T09:20:16.653000+02:00,False,150,0,0,150,148,2,0,0,0,0,0,0,25.24,False,False,"Наблюдаемый сценарий: только тесты знаков. Ответов 150: training 0, exam 0, signs 150. Вся активность приходится на один календарный день: наблюдается эпизод использования, а не доказанная ежедневная привычка. Нового production-платежа RevenueCat с этим ID в периоде не найдено. Покупки вне периода этим не исключаются."
usr_71604d1a-40cf-465b-b6b7-5ddfa324eeeb,CZ,"Открыл, без наблюдаемых ответов",1,1,2026-10-08T10:53:56.552000+02:00,False,0,0,0,0,0,0,0,0,0,0,0,0,0.81,False,False,"Home показан, но учебных ответов в окне не наблюдается. Это история без подтверждённой первой учебной ценности; не доказательство удаления приложения или отказа от обучения. Нового production-платежа RevenueCat с этим ID в периоде не найдено. Покупки вне периода этим не исключаются."
usr_72b57fc2-4bd7-45d8-9798-4e656daaeb3b,PL,Только тренировки,2,2,2026-09-24T13:46:20.882000+02:00,True,10,10,0,0,6,4,0,0,0,0,0,0,,False,False,"Наблюдаемый сценарий: только тренировки. Ответов 10: training 10, exam 0, signs 0. Активность распределена по 2 дням; повторный приход наблюдается, активность в пропусках неизвестна. Нового production-платежа RevenueCat с этим ID в периоде не найдено. Покупки вне периода этим не исключаются."
usr_747dd8e8-0a8e-4ebb-953a-254ee1bba312,CZ,Смешанное обучение,1,3,2026-10-06T12:28:50.642000+02:00,False,101,69,0,32,87,14,9,1,1,0,0,0,28.65,False,False,"Наблюдаемый сценарий: смешанное обучение. Ответов 101: training 69, exam 0, signs 32. Вся активность приходится на один календарный день: наблюдается эпизод использования, а не доказанная ежедневная привычка. Работа над ошибками запущена 1 раз: это конкретная учебная деятельность, а не просто просмотр экранов. Premium показан 9 раз; checkout начат 1 раз; наблюдаемых отмен checkout 1. Показ не доказывает намерение купить. Нового production-платежа RevenueCat с этим ID в периоде не найдено. Покупки вне периода этим не исключаются. Ошибок с user_visible=false: 69. Они не доказывают видимый blocker или потерю локального прогресса."
usr_75ccae3a-9f3a-4786-aa18-c892c1894c23,CZ,"Открыл, без наблюдаемых ответов",1,1,2026-10-08T08:30:53.351000+02:00,False,0,0,0,0,0,0,0,0,0,0,0,0,,False,False,"Есть открытие или навигация, но учебных ответов не наблюдается. Данных недостаточно для объяснения причины. Нового production-платежа RevenueCat с этим ID в периоде не найдено. Покупки вне периода этим не исключаются."
usr_76daaf88-da84-46ad-a527-688441fa56dc,CZ,"Открыл, без наблюдаемых ответов",1,1,2026-10-07T19:45:28.206000+02:00,False,0,0,0,0,0,0,0,0,0,0,0,0,,False,False,"Home показан, но учебных ответов в окне не наблюдается. Это история без подтверждённой первой учебной ценности; не доказательство удаления приложения или отказа от обучения. Нового production-платежа RevenueCat с этим ID в периоде не найдено. Покупки вне периода этим не исключаются."
usr_77eb7997-ddb9-4028-bf36-96149267a64f,CZ,Смешанное обучение,4,4,2026-09-20T17:23:55.197000+02:00,True,77,24,13,40,54,23,2,0,0,0,0,0,,False,False,"Наблюдаемый сценарий: смешанное обучение. Ответов 77: training 24, exam 13, signs 40. Активность распределена по 4 дням; повторный приход наблюдается, активность в пропусках неизвестна. Premium показан 2 раз; checkout начат 0 раз; наблюдаемых отмен checkout 0. Показ не доказывает намерение купить. Нового production-платежа RevenueCat с этим ID в периоде не найдено. Покупки вне периода этим не исключаются."
usr_78af6f08-9dac-461e-8c24-58abfe6b0b57,PL,"Открыл, без наблюдаемых ответов",2,2,2026-09-19T18:54:57.611000+02:00,True,0,0,0,0,0,0,0,0,0,0,0,0,,False,False,"Home показан, но учебных ответов в окне не наблюдается. Это история без подтверждённой первой учебной ценности; не доказательство удаления приложения или отказа от обучения. Нового production-платежа RevenueCat с этим ID в периоде не найдено. Покупки вне периода этим не исключаются."
usr_793773df-ba71-4405-a5eb-7f59b98c904a,CZ,Только тренировки,1,2,2026-10-03T10:47:23.103000+02:00,False,80,80,0,0,62,18,1,1,0,1,1,6.86,,False,False,"Наблюдаемый сценарий: только тренировки. Ответов 80: training 80, exam 0, signs 0. Вся активность приходится на один календарный день: наблюдается эпизод использования, а не доказанная ежедневная привычка. Работа над ошибками запущена 3 раз: это конкретная учебная деятельность, а не просто просмотр экранов. Premium показан 1 раз; checkout начат 1 раз; наблюдаемых отмен checkout 0. Показ не доказывает намерение купить. RevenueCat: 1 source charge, gross USD 6.86. Ответов до/после первого charge в окне 40/40; учебные ответы на следующий календарный день не наблюдаются. Это не доказательство влияния покупки на обучение."
usr_796980ff-d0b7-463f-b54a-32485977dcb7,CZ,Смешанное обучение,1,1,2026-10-08T16:14:51.187000+02:00,False,139,39,0,100,122,17,6,0,0,0,0,0,28.67,False,False,"Наблюдаемый сценарий: смешанное обучение. Ответов 139: training 39, exam 0, signs 100. Вся активность приходится на один календарный день: наблюдается эпизод использования, а не доказанная ежедневная привычка. Работа над ошибками запущена 1 раз: это конкретная учебная деятельность, а не просто просмотр экранов. Premium показан 6 раз; checkout начат 0 раз; наблюдаемых отмен checkout 0. Показ не доказывает намерение купить. Нового production-платежа RevenueCat с этим ID в периоде не найдено. Покупки вне периода этим не исключаются. Ошибок с user_visible=false: 39. Они не доказывают видимый blocker или потерю локального прогресса."
usr_797954ce-bb66-4f89-94d9-50d89a40449f,CZ,Только тренировки,1,1,2026-09-30T10:09:27.034000+02:00,False,1,1,0,0,0,1,0,0,0,0,0,0,,False,False,"Наблюдаемый сценарий: только тренировки. Ответов 1: training 1, exam 0, signs 0. Вся активность приходится на один календарный день: наблюдается эпизод использования, а не доказанная ежедневная привычка. Нового production-платежа RevenueCat с этим ID в периоде не найдено. Покупки вне периода этим не исключаются."
usr_79a6a37b-3906-4b21-b600-ef8aed4082c8,CZ,Смешанное обучение,1,2,2026-10-09T16:45:15.761000+02:00,False,15,4,0,11,8,7,0,0,0,0,0,0,2.94,False,False,"Наблюдаемый сценарий: смешанное обучение. Ответов 15: training 4, exam 0, signs 11. Вся активность приходится на один календарный день: наблюдается эпизод использования, а не доказанная ежедневная привычка. Нового production-платежа RevenueCat с этим ID в периоде не найдено. Покупки вне периода этим не исключаются. Ошибок с user_visible=false: 4. Они не доказывают видимый blocker или потерю локального прогресса."
usr_79f91c24-4f46-4dcd-8b6b-2b768af92c32,SK,Только тренировки,2,2,2026-10-01T19:05:04.985000+02:00,False,28,28,0,0,18,10,2,0,0,0,0,0,,False,False,"Наблюдаемый сценарий: только тренировки. Ответов 28: training 28, exam 0, signs 0. Активность распределена по 2 дням; повторный приход наблюдается, активность в пропусках неизвестна. Работа над ошибками запущена 1 раз: это конкретная учебная деятельность, а не просто просмотр экранов. Premium показан 2 раз; checkout начат 0 раз; наблюдаемых отмен checkout 0. Показ не доказывает намерение купить. Нового production-платежа RevenueCat с этим ID в периоде не найдено. Покупки вне периода этим не исключаются."
usr_7a0bae5c-bfb0-48a4-b22e-71f94c6f8b62,CZ,Только тренировки,2,3,2026-10-06T05:24:53+02:00,False,36,36,0,0,28,8,3,1,1,0,0,0,12.08,False,False,"Наблюдаемый сценарий: только тренировки. Ответов 36: training 36, exam 0, signs 0. Активность распределена по 2 дням; повторный приход наблюдается, активность в пропусках неизвестна. Работа над ошибками запущена 1 раз: это конкретная учебная деятельность, а не просто просмотр экранов. Premium показан 3 раз; checkout начат 1 раз; наблюдаемых отмен checkout 1. Показ не доказывает намерение купить. Нового production-платежа RevenueCat с этим ID в периоде не найдено. Покупки вне периода этим не исключаются. Ошибок с user_visible=false: 36. Они не доказывают видимый blocker или потерю локального прогресса."
usr_7a252db5-3fbb-4d25-828a-0ae35c563393,CZ,Только тренировки,2,2,2026-10-01T21:19:47.734000+02:00,False,8,8,0,0,7,1,0,0,0,0,0,0,,False,False,"Наблюдаемый сценарий: только тренировки. Ответов 8: training 8, exam 0, signs 0. Активность распределена по 2 дням; повторный приход наблюдается, активность в пропусках неизвестна. Нового production-платежа RevenueCat с этим ID в периоде не найдено. Покупки вне периода этим не исключаются."
usr_7ada886a-ea9c-420a-b8e0-3f584b8e0165,PL,Только экзамены,2,3,2026-09-30T12:22:18.149000+02:00,False,32,0,32,0,23,9,1,0,0,0,0,0,8.2,False,False,"Наблюдаемый сценарий: только экзамены. Ответов 32: training 0, exam 32, signs 0. Активность распределена по 2 дням; повторный приход наблюдается, активность в пропусках неизвестна. Новые результаты экзамена: успешных 0, неудачных 1. Результаты относятся к версии, правилам и категории в момент события. После неудачных экзаменов следующий учебный старт: следующий учебный старт не наблюдается — 1. Это эпизоды в окне, не причинный эффект. Premium показан 1 раз; checkout начат 0 раз; наблюдаемых отмен checkout 0. Показ не доказывает намерение купить. Нового production-платежа RevenueCat с этим ID в периоде не найдено. Покупки вне периода этим не исключаются."
usr_7b237a39-437a-4eee-ace3-bcc4ca9e48a1,PL,Смешанное обучение,3,5,2026-09-17T12:46:56.053000+02:00,True,197,101,96,0,153,44,7,0,0,0,0,0,9.53,False,False,"Наблюдаемый сценарий: смешанное обучение. Ответов 197: training 101, exam 96, signs 0. Активность распределена по 3 дням; повторный приход наблюдается, активность в пропусках неизвестна. Работа над ошибками запущена 5 раз: это конкретная учебная деятельность, а не просто просмотр экранов. Новые результаты экзамена: успешных 0, неудачных 3. Результаты относятся к версии, правилам и категории в момент события. После неудачных экзаменов следующий учебный старт: тренировка — 2, новый экзамен — 1. Это эпизоды в окне, не причинный эффект. Premium показан 7 раз; checkout начат 0 раз; наблюдаемых отмен checkout 0. Показ не доказывает намерение купить. Нового production-платежа RevenueCat с этим ID в периоде не найдено. Покупки вне периода этим не исключаются. Ошибок с user_visible=false: 4. Они не доказывают видимый blocker или потерю локального прогресса."
usr_7b3d511d-af3c-454c-97f3-ffd0b24d614f,CZ,Только тренировки,1,1,2026-10-06T21:20:59.207000+02:00,False,12,12,0,0,10,2,2,0,0,0,0,0,4.34,False,False,"Наблюдаемый сценарий: только тренировки. Ответов 12: training 12, exam 0, signs 0. Вся активность приходится на один календарный день: наблюдается эпизод использования, а не доказанная ежедневная привычка. Premium показан 2 раз; checkout начат 0 раз; наблюдаемых отмен checkout 0. Показ не доказывает намерение купить. Нового production-платежа RevenueCat с этим ID в периоде не найдено. Покупки вне периода этим не исключаются. Ошибок с user_visible=false: 12. Они не доказывают видимый blocker или потерю локального прогресса."
usr_7bb50000-a3c7-49df-9e7e-7df305e02364,CZ,Только тренировки,3,4,2026-10-07T07:25:59.586000+02:00,False,55,55,0,0,38,17,3,0,0,0,0,0,24.94,False,False,"Наблюдаемый сценарий: только тренировки. Ответов 55: training 55, exam 0, signs 0. Активность распределена по 3 дням; повторный приход наблюдается, активность в пропусках неизвестна. Работа над ошибками запущена 1 раз: это конкретная учебная деятельность, а не просто просмотр экранов. Premium показан 3 раз; checkout начат 0 раз; наблюдаемых отмен checkout 0. Показ не доказывает намерение купить. Нового production-платежа RevenueCat с этим ID в периоде не найдено. Покупки вне периода этим не исключаются. Ошибок с user_visible=false: 55. Они не доказывают видимый blocker или потерю локального прогресса."
usr_7db15d6a-7540-4268-a0b1-d628071b28c5,PL,Только тренировки,2,2,2026-09-13T20:19:02.426000+02:00,True,45,45,0,0,34,11,4,1,1,0,0,0,,False,False,"Наблюдаемый сценарий: только тренировки. Ответов 45: training 45, exam 0, signs 0. Активность распределена по 2 дням; повторный приход наблюдается, активность в пропусках неизвестна. Работа над ошибками запущена 1 раз: это конкретная учебная деятельность, а не просто просмотр экранов. Premium показан 4 раз; checkout начат 1 раз; наблюдаемых отмен checkout 1. Показ не доказывает намерение купить. Нового production-платежа RevenueCat с этим ID в периоде не найдено. Покупки вне периода этим не исключаются."
usr_7de184d4-d5aa-4f50-875e-67430c211e0a,SK,Только тренировки,1,2,2026-10-02T16:38:50.760000+02:00,False,30,30,0,0,20,10,2,0,0,0,0,0,,False,False,"Наблюдаемый сценарий: только тренировки. Ответов 30: training 30, exam 0, signs 0. Вся активность приходится на один календарный день: наблюдается эпизод использования, а не доказанная ежедневная привычка. Работа над ошибками запущена 1 раз: это конкретная учебная деятельность, а не просто просмотр экранов. Premium показан 2 раз; checkout начат 0 раз; наблюдаемых отмен checkout 0. Показ не доказывает намерение купить. Нового production-платежа RevenueCat с этим ID в периоде не найдено. Покупки вне периода этим не исключаются."
usr_7f50e011-65d3-4293-ba2c-43657e171d98,PL,"Открыл, без наблюдаемых ответов",1,1,2026-09-28T16:43:14.227000+02:00,False,0,0,0,0,0,0,6,6,6,0,0,0,,False,False,"Учебная попытка запущена, но принятого ответа в этом окне не наблюдается. Это кандидат на разбор первого вопроса и доступности контента; причина остановки из этих событий не следует. Premium показан 6 раз; checkout начат 6 раз; наблюдаемых отмен checkout 6. Показ не доказывает намерение купить. Нового production-платежа RevenueCat с этим ID в периоде не найдено. Покупки вне периода этим не исключаются."
usr_7fbfb726-618c-43ad-8289-ccce673b439d,PL,"Открыл, без наблюдаемых ответов",1,2,2026-09-08T21:25:30.300000+02:00,True,0,0,0,0,0,0,0,0,0,0,0,0,,False,False,"Home показан, но учебных ответов в окне не наблюдается. Это история без подтверждённой первой учебной ценности; не доказательство удаления приложения или отказа от обучения. Нового production-платежа RevenueCat с этим ID в периоде не найдено. Покупки вне периода этим не исключаются."
usr_808f617b-ff5e-4847-88a7-c104306fce6d,CZ,Только тренировки,1,1,2026-10-07T06:38:41.890000+02:00,False,1,1,0,0,1,0,1,0,0,0,0,0,0.56,False,False,"Наблюдаемый сценарий: только тренировки. Ответов 1: training 1, exam 0, signs 0. Вся активность приходится на один календарный день: наблюдается эпизод использования, а не доказанная ежедневная привычка. Premium показан 1 раз; checkout начат 0 раз; наблюдаемых отмен checkout 0. Показ не доказывает намерение купить. Нового production-платежа RevenueCat с этим ID в периоде не найдено. Покупки вне периода этим не исключаются. Ошибок с user_visible=false: 1. Они не доказывают видимый blocker или потерю локального прогресса."
usr_8370c00b-d45a-4788-8d54-a2fbb2793889,PL,Смешанное обучение,1,1,2026-10-09T06:54:55.663000+02:00,False,25,20,5,0,10,15,0,0,0,0,0,0,,False,False,"Наблюдаемый сценарий: смешанное обучение. Ответов 25: training 20, exam 5, signs 0. Вся активность приходится на один календарный день: наблюдается эпизод использования, а не доказанная ежедневная привычка. Нового production-платежа RevenueCat с этим ID в периоде не найдено. Покупки вне периода этим не исключаются."
usr_8427598d-1007-45be-ae90-4ec1da998618,CZ,Только тренировки,1,1,2026-10-09T16:08:03.732000+02:00,False,8,8,0,0,2,6,1,0,0,0,0,0,3.32,False,False,"Наблюдаемый сценарий: только тренировки. Ответов 8: training 8, exam 0, signs 0. Вся активность приходится на один календарный день: наблюдается эпизод использования, а не доказанная ежедневная привычка. Premium показан 1 раз; checkout начат 0 раз; наблюдаемых отмен checkout 0. Показ не доказывает намерение купить. Нового production-платежа RevenueCat с этим ID в периоде не найдено. Покупки вне периода этим не исключаются. Ошибок с user_visible=false: 8. Они не доказывают видимый blocker или потерю локального прогресса."
usr_8596621c-55d1-46d7-8f75-8afa160f34c9,CZ,Только тренировки,2,2,2026-09-30T20:18:14.968000+02:00,False,9,9,0,0,8,1,3,0,0,0,0,0,,False,False,"Наблюдаемый сценарий: только тренировки. Ответов 9: training 9, exam 0, signs 0. Активность распределена по 2 дням; повторный приход наблюдается, активность в пропусках неизвестна. Premium показан 3 раз; checkout начат 0 раз; наблюдаемых отмен checkout 0. Показ не доказывает намерение купить. Нового production-платежа RevenueCat с этим ID в периоде не найдено. Покупки вне периода этим не исключаются."
usr_861f85b4-8193-470f-b55a-b398ebada5ef,CZ,Смешанное обучение,1,2,2026-10-06T15:11:31.932000+02:00,False,77,53,24,0,45,32,7,0,0,0,0,0,20.33,False,False,"Наблюдаемый сценарий: смешанное обучение. Ответов 77: training 53, exam 24, signs 0. Вся активность приходится на один календарный день: наблюдается эпизод использования, а не доказанная ежедневная привычка. Работа над ошибками запущена 1 раз: это конкретная учебная деятельность, а не просто просмотр экранов. Новые результаты экзамена: успешных 0, неудачных 1. Результаты относятся к версии, правилам и категории в момент события. После неудачных экзаменов следующий учебный старт: тренировка — 1. Это эпизоды в окне, не причинный эффект. Premium показан 7 раз; checkout начат 0 раз; наблюдаемых отмен checkout 0. Показ не доказывает намерение купить. Нового production-платежа RevenueCat с этим ID в периоде не найдено. Покупки вне периода этим не исключаются. Ошибок с user_visible=false: 53. Они не доказывают видимый blocker или потерю локального прогресса."
usr_8725f751-d165-4a22-ad01-3995a9a06e1d,CZ,Только тренировки,2,2,2026-10-02T09:46:08.745000+02:00,False,24,24,0,0,19,5,1,0,0,0,0,0,,False,False,"Наблюдаемый сценарий: только тренировки. Ответов 24: training 24, exam 0, signs 0. Активность распределена по 2 дням; повторный приход наблюдается, активность в пропусках неизвестна. Premium показан 1 раз; checkout начат 0 раз; наблюдаемых отмен checkout 0. Показ не доказывает намерение купить. Нового production-платежа RevenueCat с этим ID в периоде не найдено. Покупки вне периода этим не исключаются."
usr_87ed01ea-c619-45e0-a0ed-e805882a7f8b,PL,Смешанное обучение,4,16,2026-09-27T20:40:29.619000+02:00,False,2347,978,1204,165,2078,269,25,6,6,0,0,0,,False,False,"Наблюдаемый сценарий: смешанное обучение. Ответов 2347: training 978, exam 1204, signs 165. Активность распределена по 4 дням; повторный приход наблюдается, активность в пропусках неизвестна. Работа над ошибками запущена 26 раз: это конкретная учебная деятельность, а не просто просмотр экранов. Новые результаты экзамена: успешных 15, неудачных 22. Результаты относятся к версии, правилам и категории в момент события. После неудачных экзаменов следующий учебный старт: тренировка — 9, новый экзамен — 12, следующий учебный старт не наблюдается — 1. Это эпизоды в окне, не причинный эффект. Premium показан 25 раз; checkout начат 6 раз; наблюдаемых отмен checkout 6. Показ не доказывает намерение купить. Нового production-платежа RevenueCat с этим ID в периоде не найдено. Покупки вне периода этим не исключаются."
usr_88d74cee-d8b3-4be5-be1c-a2133ff1f033,CZ,"Открыл, без наблюдаемых ответов",1,2,2026-10-02T10:34:36.290000+02:00,False,0,0,0,0,0,0,1,1,1,0,0,0,,False,False,"Home показан, но учебных ответов в окне не наблюдается. Это история без подтверждённой первой учебной ценности; не доказательство удаления приложения или отказа от обучения. Premium показан 1 раз; checkout начат 1 раз; наблюдаемых отмен checkout 1. Показ не доказывает намерение купить. Нового production-платежа RevenueCat с этим ID в периоде не найдено. Покупки вне периода этим не исключаются."
usr_8a229079-b98b-45c0-b1c6-b7e1e8245ced,CZ,Смешанное обучение,4,5,2026-10-01T23:24:32.930000+02:00,False,83,57,26,0,66,17,1,1,1,0,0,0,0.61,False,False,"Наблюдаемый сценарий: смешанное обучение. Ответов 83: training 57, exam 26, signs 0. Активность распределена по 4 дням; повторный приход наблюдается, активность в пропусках неизвестна. Работа над ошибками запущена 1 раз: это конкретная учебная деятельность, а не просто просмотр экранов. Новые результаты экзамена: успешных 1, неудачных 0. Результаты относятся к версии, правилам и категории в момент события. Premium показан 1 раз; checkout начат 1 раз; наблюдаемых отмен checkout 1. Показ не доказывает намерение купить. Нового production-платежа RevenueCat с этим ID в периоде не найдено. Покупки вне периода этим не исключаются. Ошибок с user_visible=false: 2. Они не доказывают видимый blocker или потерю локального прогресса."
usr_8b7c1a0a-13e5-4e85-bed3-34580576dcc1,CZ,Только тренировки,1,1,2026-10-05T17:04:57.106000+02:00,False,17,17,0,0,14,3,0,0,0,0,0,0,3.87,False,False,"Наблюдаемый сценарий: только тренировки. Ответов 17: training 17, exam 0, signs 0. Вся активность приходится на один календарный день: наблюдается эпизод использования, а не доказанная ежедневная привычка. Нового production-платежа RevenueCat с этим ID в периоде не найдено. Покупки вне периода этим не исключаются. Ошибок с user_visible=false: 17. Они не доказывают видимый blocker или потерю локального прогресса."
usr_8cb2d94a-f301-4cfa-84ad-d90c5dc61782,CZ,Только тренировки,1,2,2026-10-02T08:33:05.602000+02:00,False,36,36,0,0,28,8,4,0,0,0,0,0,,False,False,"Наблюдаемый сценарий: только тренировки. Ответов 36: training 36, exam 0, signs 0. Вся активность приходится на один календарный день: наблюдается эпизод использования, а не доказанная ежедневная привычка. Premium показан 4 раз; checkout начат 0 раз; наблюдаемых отмен checkout 0. Показ не доказывает намерение купить. Нового production-платежа RevenueCat с этим ID в периоде не найдено. Покупки вне периода этим не исключаются."
usr_8d6ee012-34bf-4bef-bfec-3f46e15a4652,SK,"Открыл, без наблюдаемых ответов",1,3,2026-10-04T21:38:51.970000+02:00,False,0,0,0,0,0,0,0,0,0,0,0,0,1.19,False,False,"Home показан, но учебных ответов в окне не наблюдается. Это история без подтверждённой первой учебной ценности; не доказательство удаления приложения или отказа от обучения. Нового production-платежа RevenueCat с этим ID в периоде не найдено. Покупки вне периода этим не исключаются."
usr_8f920832-37ee-44c8-a86d-0c02d67607a6,CZ,Только тренировки,1,1,2026-09-27T20:12:59.673000+02:00,False,46,46,0,0,23,23,0,0,0,0,0,0,,False,False,"Наблюдаемый сценарий: только тренировки. Ответов 46: training 46, exam 0, signs 0. Вся активность приходится на один календарный день: наблюдается эпизод использования, а не доказанная ежедневная привычка. Нового production-платежа RevenueCat с этим ID в периоде не найдено. Покупки вне периода этим не исключаются."
usr_8fcc3559-d3db-4315-bcb0-a271ee793543,CZ,Только тренировки,1,1,2026-10-09T09:09:19.517000+02:00,False,52,52,0,0,42,10,3,0,0,0,0,0,10.46,False,False,"Наблюдаемый сценарий: только тренировки. Ответов 52: training 52, exam 0, signs 0. Вся активность приходится на один календарный день: наблюдается эпизод использования, а не доказанная ежедневная привычка. Premium показан 3 раз; checkout начат 0 раз; наблюдаемых отмен checkout 0. Показ не доказывает намерение купить. Нового production-платежа RevenueCat с этим ID в периоде не найдено. Покупки вне периода этим не исключаются. Ошибок с user_visible=false: 52. Они не доказывают видимый blocker или потерю локального прогресса."
usr_91592f42-4920-4410-88e1-431099fe71ec,CZ,Только тренировки,1,1,2026-10-06T15:37:23.439000+02:00,False,32,32,0,0,18,14,2,0,0,0,0,0,31.87,False,False,"Наблюдаемый сценарий: только тренировки. Ответов 32: training 32, exam 0, signs 0. Вся активность приходится на один календарный день: наблюдается эпизод использования, а не доказанная ежедневная привычка. Premium показан 2 раз; checkout начат 0 раз; наблюдаемых отмен checkout 0. Показ не доказывает намерение купить. Нового production-платежа RevenueCat с этим ID в периоде не найдено. Покупки вне периода этим не исключаются. Ошибок с user_visible=false: 32. Они не доказывают видимый blocker или потерю локального прогресса."
usr_93acb19f-0521-485c-8ae9-c615eeb0f587,CZ,Смешанное обучение,2,3,2026-09-21T07:22:09.002000+02:00,True,305,279,26,0,230,75,3,1,0,1,1,6.915,,False,False,"Наблюдаемый сценарий: смешанное обучение. Ответов 305: training 279, exam 26, signs 0. Активность распределена по 2 дням; повторный приход наблюдается, активность в пропусках неизвестна. Работа над ошибками запущена 2 раз: это конкретная учебная деятельность, а не просто просмотр экранов. Новые результаты экзамена: успешных 0, неудачных 1. Результаты относятся к версии, правилам и категории в момент события. После неудачных экзаменов следующий учебный старт: тренировка — 1. Это эпизоды в окне, не причинный эффект. Premium показан 3 раз; checkout начат 1 раз; наблюдаемых отмен checkout 0. Показ не доказывает намерение купить. RevenueCat: 1 source charge, gross USD 6.92. Ответов до/после первого charge в окне 39/266; учебные ответы на следующий календарный день не наблюдаются. Это не доказательство влияния покупки на обучение."
usr_94885586-3b28-41c6-92a0-79699ab2c1ca,CZ,Смешанное обучение,2,4,2026-09-28T12:45:11.471000+02:00,False,60,2,58,0,27,33,2,1,1,0,0,0,,False,False,"Наблюдаемый сценарий: смешанное обучение. Ответов 60: training 2, exam 58, signs 0. Активность распределена по 2 дням; повторный приход наблюдается, активность в пропусках неизвестна. Работа над ошибками запущена 3 раз: это конкретная учебная деятельность, а не просто просмотр экранов. Новые результаты экзамена: успешных 0, неудачных 2. Результаты относятся к версии, правилам и категории в момент события. После неудачных экзаменов следующий учебный старт: тренировка — 2. Это эпизоды в окне, не причинный эффект. Premium показан 2 раз; checkout начат 1 раз; наблюдаемых отмен checkout 1. Показ не доказывает намерение купить. Нового production-платежа RevenueCat с этим ID в периоде не найдено. Покупки вне периода этим не исключаются."
usr_970e0bcd-225a-465b-a66e-193169150c0a,PL,Только экзамены,1,1,2026-09-16T13:09:37.290000+02:00,True,32,0,32,0,32,0,1,0,0,0,0,0,,False,False,"Наблюдаемый сценарий: только экзамены. Ответов 32: training 0, exam 32, signs 0. Вся активность приходится на один календарный день: наблюдается эпизод использования, а не доказанная ежедневная привычка. Новые результаты экзамена: успешных 1, неудачных 0. Результаты относятся к версии, правилам и категории в момент события. Premium показан 1 раз; checkout начат 0 раз; наблюдаемых отмен checkout 0. Показ не доказывает намерение купить. Нового production-платежа RevenueCat с этим ID в периоде не найдено. Покупки вне периода этим не исключаются."
usr_9717079c-ce98-40d9-9b00-36b3a14035c6,CZ,Только тренировки,2,2,2026-09-20T20:10:10.336000+02:00,True,2,2,0,0,2,0,0,0,0,0,0,0,,False,False,"Наблюдаемый сценарий: только тренировки. Ответов 2: training 2, exam 0, signs 0. Активность распределена по 2 дням; повторный приход наблюдается, активность в пропусках неизвестна. Нового production-платежа RevenueCat с этим ID в периоде не найдено. Покупки вне периода этим не исключаются."
usr_97596571-2f25-404e-9633-2bcf62bdc60f,CZ,Только тренировки,1,1,2026-10-09T17:25:38.117000+02:00,False,17,17,0,0,11,6,0,0,0,0,0,0,9.39,False,False,"Наблюдаемый сценарий: только тренировки. Ответов 17: training 17, exam 0, signs 0. Вся активность приходится на один календарный день: наблюдается эпизод использования, а не доказанная ежедневная привычка. Работа над ошибками запущена 1 раз: это конкретная учебная деятельность, а не просто просмотр экранов. Нового production-платежа RevenueCat с этим ID в периоде не найдено. Покупки вне периода этим не исключаются. Ошибок с user_visible=false: 17. Они не доказывают видимый blocker или потерю локального прогресса."
usr_98043a9d-ca1f-424e-8e53-67d0749a9815,CZ,Смешанное обучение,3,7,2026-09-28T09:43:50.549000+02:00,False,279,99,0,180,260,19,7,0,0,0,0,0,,False,False,"Наблюдаемый сценарий: смешанное обучение. Ответов 279: training 99, exam 0, signs 180. Активность распределена по 3 дням; повторный приход наблюдается, активность в пропусках неизвестна. Premium показан 7 раз; checkout начат 0 раз; наблюдаемых отмен checkout 0. Показ не доказывает намерение купить. Нового production-платежа RevenueCat с этим ID в периоде не найдено. Покупки вне периода этим не исключаются."
usr_9ac7fa25-8973-42a1-97b3-a4e65b5848e2,CZ,Только тренировки,4,5,2026-09-29T21:01:01.330000+02:00,False,29,29,0,0,15,14,6,0,0,0,0,0,2.72,False,False,"Наблюдаемый сценарий: только тренировки. Ответов 29: training 29, exam 0, signs 0. Активность распределена по 4 дням; повторный приход наблюдается, активность в пропусках неизвестна. Работа над ошибками запущена 1 раз: это конкретная учебная деятельность, а не просто просмотр экранов. Premium показан 6 раз; checkout начат 0 раз; наблюдаемых отмен checkout 0. Показ не доказывает намерение купить. Нового production-платежа RevenueCat с этим ID в периоде не найдено. Покупки вне периода этим не исключаются. Ошибок с user_visible=false: 12. Они не доказывают видимый blocker или потерю локального прогресса."
usr_9b938c11-7ced-41e2-b569-04194c6a802c,PL,Смешанное обучение,1,1,2026-09-08T11:52:40.223000+02:00,True,62,30,32,0,37,25,1,0,0,0,0,0,,False,False,"Наблюдаемый сценарий: смешанное обучение. Ответов 62: training 30, exam 32, signs 0. Вся активность приходится на один календарный день: наблюдается эпизод использования, а не доказанная ежедневная привычка. Работа над ошибками запущена 2 раз: это конкретная учебная деятельность, а не просто просмотр экранов. Новые результаты экзамена: успешных 0, неудачных 1. Результаты относятся к версии, правилам и категории в момент события. После неудачных экзаменов следующий учебный старт: тренировка — 1. Это эпизоды в окне, не причинный эффект. Premium показан 1 раз; checkout начат 0 раз; наблюдаемых отмен checkout 0. Показ не доказывает намерение купить. Нового production-платежа RevenueCat с этим ID в периоде не найдено. Покупки вне периода этим не исключаются."
usr_9d68e469-3452-4058-b4fe-511bf97e2a9f,CZ,Смешанное обучение,3,3,2026-09-17T11:59:27.451000+02:00,True,45,12,33,0,26,19,3,0,0,0,0,0,2.59,False,False,"Наблюдаемый сценарий: смешанное обучение. Ответов 45: training 12, exam 33, signs 0. Активность распределена по 3 дням; повторный приход наблюдается, активность в пропусках неизвестна. Работа над ошибками запущена 1 раз: это конкретная учебная деятельность, а не просто просмотр экранов. Новые результаты экзамена: успешных 0, неудачных 1. Результаты относятся к версии, правилам и категории в момент события. После неудачных экзаменов следующий учебный старт: новый экзамен — 1. Это эпизоды в окне, не причинный эффект. Premium показан 3 раз; checkout начат 0 раз; наблюдаемых отмен checkout 0. Показ не доказывает намерение купить. Нового production-платежа RevenueCat с этим ID в периоде не найдено. Покупки вне периода этим не исключаются. Ошибок с user_visible=false: 12. Они не доказывают видимый blocker или потерю локального прогресса."
usr_a242a7a7-5bd7-4448-9539-9a5312729f05,CZ,Только тренировки,1,1,2026-10-03T16:01:25.748000+02:00,False,55,55,0,0,33,22,10,0,0,0,0,0,14.04,False,False,"Наблюдаемый сценарий: только тренировки. Ответов 55: training 55, exam 0, signs 0. Вся активность приходится на один календарный день: наблюдается эпизод использования, а не доказанная ежедневная привычка. Работа над ошибками запущена 1 раз: это конкретная учебная деятельность, а не просто просмотр экранов. Premium показан 10 раз; checkout начат 0 раз; наблюдаемых отмен checkout 0. Показ не доказывает намерение купить. Нового production-платежа RevenueCat с этим ID в периоде не найдено. Покупки вне периода этим не исключаются. Ошибок с user_visible=false: 55. Они не доказывают видимый blocker или потерю локального прогресса."
usr_a4f0bd78-de33-4395-87d1-f42a6226bd38,CZ,Только тренировки,1,1,2026-09-30T15:03:41.535000+02:00,False,28,28,0,0,15,13,0,0,0,0,0,0,,False,False,"Наблюдаемый сценарий: только тренировки. Ответов 28: training 28, exam 0, signs 0. Вся активность приходится на один календарный день: наблюдается эпизод использования, а не доказанная ежедневная привычка. Работа над ошибками запущена 1 раз: это конкретная учебная деятельность, а не просто просмотр экранов. Нового production-платежа RevenueCat с этим ID в периоде не найдено. Покупки вне периода этим не исключаются."
usr_a56666cc-4064-4c26-8edc-e40ebae26278,CZ,Смешанное обучение,2,3,2026-09-23T14:53:01.492000+02:00,True,31,6,25,0,29,2,0,0,0,0,0,0,,False,False,"Наблюдаемый сценарий: смешанное обучение. Ответов 31: training 6, exam 25, signs 0. Активность распределена по 2 дням; повторный приход наблюдается, активность в пропусках неизвестна. Новые результаты экзамена: успешных 1, неудачных 0. Результаты относятся к версии, правилам и категории в момент события. Нового production-платежа RevenueCat с этим ID в периоде не найдено. Premium при этом наблюдался; доступ мог возникнуть раньше или из другого источника, пользователь не обязательно бесплатный."
usr_a67b8c7e-9c38-489a-8923-d332971384f6,SK,Только тренировки,2,2,2026-10-01T12:14:14.217000+02:00,False,14,14,0,0,6,8,0,0,0,0,0,0,0.05,False,False,"Наблюдаемый сценарий: только тренировки. Ответов 14: training 14, exam 0, signs 0. Активность распределена по 2 дням; повторный приход наблюдается, активность в пропусках неизвестна. Нового production-платежа RevenueCat с этим ID в периоде не найдено. Покупки вне периода этим не исключаются."
usr_a6a4385f-4015-4b5e-9093-761fff0746b4,SK,"Открыл, без наблюдаемых ответов",1,1,2026-10-05T12:34:40.540000+02:00,False,0,0,0,0,0,0,0,0,0,0,0,0,0.17,False,False,"Home показан, но учебных ответов в окне не наблюдается. Это история без подтверждённой первой учебной ценности; не доказательство удаления приложения или отказа от обучения. Нового production-платежа RevenueCat с этим ID в периоде не найдено. Покупки вне периода этим не исключаются."
usr_a73f52f8-ec0f-48b9-bd65-a66f67e8c9cc,CZ,Только тренировки,4,4,2026-10-04T19:22:36.622000+02:00,False,3,3,0,0,3,0,0,0,0,0,0,0,1.78,False,False,"Наблюдаемый сценарий: только тренировки. Ответов 3: training 3, exam 0, signs 0. Активность распределена по 4 дням; повторный приход наблюдается, активность в пропусках неизвестна. Нового production-платежа RevenueCat с этим ID в периоде не найдено. Покупки вне периода этим не исключаются. Ошибок с user_visible=false: 3. Они не доказывают видимый blocker или потерю локального прогресса."
usr_a740395c-5b6a-4136-bba0-5e9e8c402188,CZ,"Открыл, без наблюдаемых ответов",1,1,2026-10-05T15:22:09.049000+02:00,False,0,0,0,0,0,0,1,0,0,0,0,0,1.01,False,False,"Учебная попытка запущена, но принятого ответа в этом окне не наблюдается. Это кандидат на разбор первого вопроса и доступности контента; причина остановки из этих событий не следует. Premium показан 1 раз; checkout начат 0 раз; наблюдаемых отмен checkout 0. Показ не доказывает намерение купить. Нового production-платежа RevenueCat с этим ID в периоде не найдено. Покупки вне периода этим не исключаются."
usr_a809ec57-1115-4f2c-a28f-862c639b4ee5,CZ,Только тренировки,1,1,2026-10-04T15:53:26.243000+02:00,False,3,3,0,0,1,2,0,0,0,0,0,0,1.78,False,False,"Наблюдаемый сценарий: только тренировки. Ответов 3: training 3, exam 0, signs 0. Вся активность приходится на один календарный день: наблюдается эпизод использования, а не доказанная ежедневная привычка. Нового production-платежа RevenueCat с этим ID в периоде не найдено. Покупки вне периода этим не исключаются. Ошибок с user_visible=false: 3. Они не доказывают видимый blocker или потерю локального прогресса."
usr_a8fbc5a4-a522-4f57-85ad-d710989b1d86,CZ,Только тренировки,1,1,2026-09-30T12:52:55.035000+02:00,False,2,2,0,0,1,1,0,0,0,0,0,0,,False,False,"Наблюдаемый сценарий: только тренировки. Ответов 2: training 2, exam 0, signs 0. Вся активность приходится на один календарный день: наблюдается эпизод использования, а не доказанная ежедневная привычка. Нового production-платежа RevenueCat с этим ID в периоде не найдено. Покупки вне периода этим не исключаются."
usr_a9b02db1-a298-40e1-bebe-a5236a51a96c,CZ,Смешанное обучение,3,6,2026-10-07T20:10:34.694000+02:00,False,119,13,0,106,113,6,1,0,0,0,0,0,29.71,False,False,"Наблюдаемый сценарий: смешанное обучение. Ответов 119: training 13, exam 0, signs 106. Активность распределена по 3 дням; повторный приход наблюдается, активность в пропусках неизвестна. Premium показан 1 раз; checkout начат 0 раз; наблюдаемых отмен checkout 0. Показ не доказывает намерение купить. Нового production-платежа RevenueCat с этим ID в периоде не найдено. Покупки вне периода этим не исключаются. Ошибок с user_visible=false: 13. Они не доказывают видимый blocker или потерю локального прогресса."
usr_aaab473f-8622-4b78-8d5a-50de05a32ab3,PL,Смешанное обучение,4,5,2026-09-30T13:08:01.880000+02:00,False,178,146,32,0,130,48,3,2,1,1,1,6.488,,False,False,"Наблюдаемый сценарий: смешанное обучение. Ответов 178: training 146, exam 32, signs 0. Активность распределена по 4 дням; повторный приход наблюдается, активность в пропусках неизвестна. Работа над ошибками запущена 3 раз: это конкретная учебная деятельность, а не просто просмотр экранов. Новые результаты экзамена: успешных 0, неудачных 1. Результаты относятся к версии, правилам и категории в момент события. После неудачных экзаменов следующий учебный старт: тренировка — 1. Это эпизоды в окне, не причинный эффект. Premium показан 3 раз; checkout начат 2 раз; наблюдаемых отмен checkout 1. Показ не доказывает намерение купить. RevenueCat: 1 source charge, gross USD 6.49. Ответов до/после первого charge в окне 50/128; учебные ответы на следующий календарный день наблюдаются. Это не доказательство влияния покупки на обучение."
usr_abecdcc5-a943-4223-aa33-deb8e816a705,CZ,"Открыл, без наблюдаемых ответов",1,1,2026-09-30T18:35:11.249000+02:00,False,0,0,0,0,0,0,1,0,0,0,0,0,,False,False,"Учебная попытка запущена, но принятого ответа в этом окне не наблюдается. Это кандидат на разбор первого вопроса и доступности контента; причина остановки из этих событий не следует. Premium показан 1 раз; checkout начат 0 раз; наблюдаемых отмен checkout 0. Показ не доказывает намерение купить. Нового production-платежа RevenueCat с этим ID в периоде не найдено. Покупки вне периода этим не исключаются."
usr_acc6eb0e-06a6-4b6f-afc9-11fb303917d1,CZ,Смешанное обучение,5,7,2026-09-25T06:55:10.198000+02:00,True,283,248,25,10,227,56,0,0,0,0,0,0,26.03,False,False,"Наблюдаемый сценарий: смешанное обучение. Ответов 283: training 248, exam 25, signs 10. Активность распределена по 5 дням; повторный приход наблюдается, активность в пропусках неизвестна. Работа над ошибками запущена 6 раз: это конкретная учебная деятельность, а не просто просмотр экранов. Новые результаты экзамена: успешных 0, неудачных 1. Результаты относятся к версии, правилам и категории в момент события. После неудачных экзаменов следующий учебный старт: тренировка — 1. Это эпизоды в окне, не причинный эффект. Нового production-платежа RevenueCat с этим ID в периоде не найдено. Premium при этом наблюдался; доступ мог возникнуть раньше или из другого источника, пользователь не обязательно бесплатный. Ошибок с user_visible=false: 96. Они не доказывают видимый blocker или потерю локального прогресса."
usr_aceadf94-5d77-425e-9463-cc6087f1baeb,CZ,Только тренировки,1,1,2026-10-06T13:33:43.748000+02:00,False,12,12,0,0,5,7,0,0,0,0,0,0,8.69,False,False,"Наблюдаемый сценарий: только тренировки. Ответов 12: training 12, exam 0, signs 0. Вся активность приходится на один календарный день: наблюдается эпизод использования, а не доказанная ежедневная привычка. Нового production-платежа RevenueCat с этим ID в периоде не найдено. Покупки вне периода этим не исключаются. Ошибок с user_visible=false: 12. Они не доказывают видимый blocker или потерю локального прогресса."
usr_ad3ae96c-fe1b-4137-be0f-5837f7eefa48,CZ,Только тесты знаков,3,6,2026-10-02T19:08:18.090000+02:00,False,651,0,0,651,625,26,1,0,0,0,0,0,36.94,False,False,"Наблюдаемый сценарий: только тесты знаков. Ответов 651: training 0, exam 0, signs 651. Активность распределена по 3 дням; повторный приход наблюдается, активность в пропусках неизвестна. Premium показан 1 раз; checkout начат 0 раз; наблюдаемых отмен checkout 0. Показ не доказывает намерение купить. Нового production-платежа RevenueCat с этим ID в периоде не найдено. Покупки вне периода этим не исключаются."
usr_ae05e983-bdc8-4e94-a269-a5148d65e72d,CZ,Смешанное обучение,1,1,2026-10-09T20:43:41.485000+02:00,False,414,54,0,360,343,71,13,1,1,0,0,0,50.09,False,False,"Наблюдаемый сценарий: смешанное обучение. Ответов 414: training 54, exam 0, signs 360. Вся активность приходится на один календарный день: наблюдается эпизод использования, а не доказанная ежедневная привычка. Работа над ошибками запущена 1 раз: это конкретная учебная деятельность, а не просто просмотр экранов. Premium показан 13 раз; checkout начат 1 раз; наблюдаемых отмен checkout 1. Показ не доказывает намерение купить. Нового production-платежа RevenueCat с этим ID в периоде не найдено. Покупки вне периода этим не исключаются. Ошибок с user_visible=false: 54. Они не доказывают видимый blocker или потерю локального прогресса."
usr_af18fb8b-520f-464d-b262-55a95f68819b,PL,Только экзамены,2,3,2026-09-27T16:37:56.178000+02:00,False,128,0,128,0,119,9,3,0,0,0,0,0,,False,False,"Наблюдаемый сценарий: только экзамены. Ответов 128: training 0, exam 128, signs 0. Активность распределена по 2 дням; повторный приход наблюдается, активность в пропусках неизвестна. Новые результаты экзамена: успешных 3, неудачных 1. Результаты относятся к версии, правилам и категории в момент события. После неудачных экзаменов следующий учебный старт: новый экзамен — 1. Это эпизоды в окне, не причинный эффект. Premium показан 3 раз; checkout начат 0 раз; наблюдаемых отмен checkout 0. Показ не доказывает намерение купить. Нового production-платежа RevenueCat с этим ID в периоде не найдено. Покупки вне периода этим не исключаются."
usr_af4275b9-a10e-4616-9193-6758238541ac,CZ,Только тренировки,3,5,2026-10-06T19:35:21.864000+02:00,False,18,18,0,0,12,6,8,0,0,0,0,0,10.08,False,True,"Наблюдаемый сценарий: только тренировки. Ответов 18: training 18, exam 0, signs 0. Активность распределена по 3 дням; повторный приход наблюдается, активность в пропусках неизвестна. Работа над ошибками запущена 1 раз: это конкретная учебная деятельность, а не просто просмотр экранов. Premium показан 8 раз; checkout начат 0 раз; наблюдаемых отмен checkout 0. Показ не доказывает намерение купить. Нового production-платежа RevenueCat с этим ID в периоде не найдено. Покупки вне периода этим не исключаются. Ошибок с user_visible=false: 18. Они не доказывают видимый blocker или потерю локального прогресса. Есть расхождение client_occurred_at и timestamp PostHog больше часа. Даты и связи между runtime ограничены; основной clock отчёта — PostHog timestamp."
usr_b0608a58-d9ee-45c9-ad85-b8eacc48b0c0,CZ,Только тренировки,1,1,2026-10-06T17:35:19.942000+02:00,False,24,24,0,0,16,8,1,0,0,0,0,0,6.12,False,False,"Наблюдаемый сценарий: только тренировки. Ответов 24: training 24, exam 0, signs 0. Вся активность приходится на один календарный день: наблюдается эпизод использования, а не доказанная ежедневная привычка. Premium показан 1 раз; checkout начат 0 раз; наблюдаемых отмен checkout 0. Показ не доказывает намерение купить. Нового production-платежа RevenueCat с этим ID в периоде не найдено. Покупки вне периода этим не исключаются. Ошибок с user_visible=false: 24. Они не доказывают видимый blocker или потерю локального прогресса."
usr_b0bbf7a4-5cbd-4d91-a85c-2672484d8eef,CZ,"Открыл, без наблюдаемых ответов",1,1,2026-10-07T16:17:10.596000+02:00,False,0,0,0,0,0,0,0,0,0,0,0,0,0.63,False,False,"Учебная попытка запущена, но принятого ответа в этом окне не наблюдается. Это кандидат на разбор первого вопроса и доступности контента; причина остановки из этих событий не следует. Нового production-платежа RevenueCat с этим ID в периоде не найдено. Покупки вне периода этим не исключаются."
usr_b118c880-0e39-4f5c-8f67-0d6d55779aa4,CZ,Только тренировки,4,8,2026-09-30T17:13:09.725000+02:00,False,71,71,0,0,62,9,3,1,0,1,1,6.915,,False,False,"Наблюдаемый сценарий: только тренировки. Ответов 71: training 71, exam 0, signs 0. Активность распределена по 4 дням; повторный приход наблюдается, активность в пропусках неизвестна. Premium показан 3 раз; checkout начат 1 раз; наблюдаемых отмен checkout 0. Показ не доказывает намерение купить. RevenueCat: 1 source charge, gross USD 6.92. Ответов до/после первого charge в окне 1/70; учебные ответы на следующий календарный день наблюдаются. Это не доказательство влияния покупки на обучение."
usr_b16cf869-8d2f-43d7-bcb7-e25442905e20,CZ,Смешанное обучение,6,13,2026-09-30T07:32:03.427000+02:00,False,544,347,197,0,435,109,3,1,0,1,1,6.915,64.77,False,False,"Наблюдаемый сценарий: смешанное обучение. Ответов 544: training 347, exam 197, signs 0. Активность распределена по 6 дням; повторный приход наблюдается, активность в пропусках неизвестна. Работа над ошибками запущена 59 раз: это конкретная учебная деятельность, а не просто просмотр экранов. Новые результаты экзамена: успешных 3, неудачных 5. Результаты относятся к версии, правилам и категории в момент события. После неудачных экзаменов следующий учебный старт: тренировка — 5. Это эпизоды в окне, не причинный эффект. Premium показан 3 раз; checkout начат 1 раз; наблюдаемых отмен checkout 0. Показ не доказывает намерение купить. RevenueCat: 1 source charge, gross USD 6.92. Ответов до/после первого charge в окне 0/544; учебные ответы на следующий календарный день наблюдаются. Это не доказательство влияния покупки на обучение. Ошибок с user_visible=false: 31. Они не доказывают видимый blocker или потерю локального прогресса."
usr_b176f4db-ce46-4c90-a022-a7981c3fa032,CZ,"Открыл, без наблюдаемых ответов",1,3,2026-10-03T19:34:46.459000+02:00,False,0,0,0,0,0,0,0,0,0,0,0,0,0.75,False,False,"Есть открытие или навигация, но учебных ответов не наблюдается. Данных недостаточно для объяснения причины. Нового production-платежа RevenueCat с этим ID в периоде не найдено. Покупки вне периода этим не исключаются."
usr_b1804d8a-243f-4861-925c-d4d398401f6d,CZ,Только тренировки,1,1,2026-10-03T09:58:25.155000+02:00,False,12,12,0,0,8,4,1,0,0,0,0,0,5.66,False,False,"Наблюдаемый сценарий: только тренировки. Ответов 12: training 12, exam 0, signs 0. Вся активность приходится на один календарный день: наблюдается эпизод использования, а не доказанная ежедневная привычка. Premium показан 1 раз; checkout начат 0 раз; наблюдаемых отмен checkout 0. Показ не доказывает намерение купить. Нового production-платежа RevenueCat с этим ID в периоде не найдено. Покупки вне периода этим не исключаются. Ошибок с user_visible=false: 12. Они не доказывают видимый blocker или потерю локального прогресса."
usr_b2c35e96-9e73-428e-86f8-f84556802b73,CZ,Только тренировки,1,1,2026-10-08T03:40:51.865000+02:00,False,56,56,0,0,49,7,1,0,0,0,0,0,10.45,False,False,"Наблюдаемый сценарий: только тренировки. Ответов 56: training 56, exam 0, signs 0. Вся активность приходится на один календарный день: наблюдается эпизод использования, а не доказанная ежедневная привычка. Работа над ошибками запущена 1 раз: это конкретная учебная деятельность, а не просто просмотр экранов. Premium показан 1 раз; checkout начат 0 раз; наблюдаемых отмен checkout 0. Показ не доказывает намерение купить. Нового production-платежа RevenueCat с этим ID в периоде не найдено. Покупки вне периода этим не исключаются. Ошибок с user_visible=false: 56. Они не доказывают видимый blocker или потерю локального прогресса. Страна менялась: CZ, PL. Итоговая группа — последняя известная страна, история сохранена."
usr_b2d8af20-c0dd-40b1-a53d-663566db2f8a,CZ,"Открыл, без наблюдаемых ответов",1,1,2026-09-30T07:25:23.531000+02:00,False,0,0,0,0,0,0,0,0,0,0,0,0,,False,False,"Home показан, но учебных ответов в окне не наблюдается. Это история без подтверждённой первой учебной ценности; не доказательство удаления приложения или отказа от обучения. Нового production-платежа RevenueCat с этим ID в периоде не найдено. Покупки вне периода этим не исключаются."
usr_b44da81c-a1d3-44bf-95f8-61aaf3ede3fb,CZ,Смешанное обучение,3,7,2026-09-29T20:25:33.647000+02:00,False,117,36,0,81,94,23,0,0,0,0,0,0,,False,False,"Наблюдаемый сценарий: смешанное обучение. Ответов 117: training 36, exam 0, signs 81. Активность распределена по 3 дням; повторный приход наблюдается, активность в пропусках неизвестна. Работа над ошибками запущена 1 раз: это конкретная учебная деятельность, а не просто просмотр экранов. Нового production-платежа RevenueCat с этим ID в периоде не найдено. Покупки вне периода этим не исключаются."
usr_b4640681-16c4-4269-939c-bff1606da422,CZ,Только тренировки,1,1,2026-09-30T16:40:57.539000+02:00,False,2,2,0,0,1,1,2,0,0,0,0,0,,False,False,"Наблюдаемый сценарий: только тренировки. Ответов 2: training 2, exam 0, signs 0. Вся активность приходится на один календарный день: наблюдается эпизод использования, а не доказанная ежедневная привычка. Premium показан 2 раз; checkout начат 0 раз; наблюдаемых отмен checkout 0. Показ не доказывает намерение купить. Нового production-платежа RevenueCat с этим ID в периоде не найдено. Покупки вне периода этим не исключаются."
usr_b4dae581-1d00-435c-96bd-d831c982fab3,SK,Только тренировки,1,2,2026-10-02T15:26:00.389000+02:00,False,13,13,0,0,5,8,1,1,1,0,0,0,,False,False,"Наблюдаемый сценарий: только тренировки. Ответов 13: training 13, exam 0, signs 0. Вся активность приходится на один календарный день: наблюдается эпизод использования, а не доказанная ежедневная привычка. Premium показан 1 раз; checkout начат 1 раз; наблюдаемых отмен checkout 1. Показ не доказывает намерение купить. Нового production-платежа RevenueCat с этим ID в периоде не найдено. Покупки вне периода этим не исключаются."
usr_b557e309-79f5-429c-8ec0-2644b9498d0f,PL,Только тренировки,2,4,2026-09-26T17:41:53.764000+02:00,False,10,10,0,0,10,0,0,0,0,0,0,0,,False,False,"Наблюдаемый сценарий: только тренировки. Ответов 10: training 10, exam 0, signs 0. Активность распределена по 2 дням; повторный приход наблюдается, активность в пропусках неизвестна. Нового production-платежа RevenueCat с этим ID в периоде не найдено. Покупки вне периода этим не исключаются."
usr_b5c67feb-385b-456c-8eb2-967a32594d68,PL,"Открыл, без наблюдаемых ответов",1,1,2026-09-27T18:50:13.255000+02:00,False,0,0,0,0,0,0,1,0,0,0,0,0,,False,False,"Home показан, но учебных ответов в окне не наблюдается. Это история без подтверждённой первой учебной ценности; не доказательство удаления приложения или отказа от обучения. Premium показан 1 раз; checkout начат 0 раз; наблюдаемых отмен checkout 0. Показ не доказывает намерение купить. Нового production-платежа RevenueCat с этим ID в периоде не найдено. Покупки вне периода этим не исключаются."
usr_b7af52ca-7a3b-43aa-8d49-df97783c6fef,CZ,"Открыл, без наблюдаемых ответов",1,1,2026-10-06T16:25:17.269000+02:00,False,0,0,0,0,0,0,0,0,0,0,0,0,0.59,False,False,"Есть открытие или навигация, но учебных ответов не наблюдается. Данных недостаточно для объяснения причины. Нового production-платежа RevenueCat с этим ID в периоде не найдено. Покупки вне периода этим не исключаются."
usr_b9da5d4a-2e60-4e51-866b-ea7c9fb8d1b3,SK,"Открыл, без наблюдаемых ответов",1,1,2026-09-23T11:00:16.410000+02:00,True,0,0,0,0,0,0,0,0,0,0,0,0,,False,False,"Home показан, но учебных ответов в окне не наблюдается. Это история без подтверждённой первой учебной ценности; не доказательство удаления приложения или отказа от обучения. Нового production-платежа RevenueCat с этим ID в периоде не найдено. Покупки вне периода этим не исключаются."
usr_ba55ada1-606b-4efa-b82f-c9390586572a,PL,"Открыл, без наблюдаемых ответов",1,1,2026-10-09T13:08:13.477000+02:00,False,0,0,0,0,0,0,1,1,0,0,0,0,2.93,True,False,"Home показан, но учебных ответов в окне не наблюдается. Это история без подтверждённой первой учебной ценности; не доказательство удаления приложения или отказа от обучения. Premium показан 1 раз; checkout начат 1 раз; наблюдаемых отмен checkout 0. Показ не доказывает намерение купить. Нового production-платежа RevenueCat с этим ID в периоде не найдено. Покупки вне периода этим не исключаются. ASA 1234567890/12323222: подозрение на тест, пока не подтверждённый пользователем. ID сохранён в основных числах и помечен."
usr_ba5d578b-6b67-47c0-8723-5aa67189ce36,CZ,Только тренировки,1,3,2026-10-06T14:43:07.721000+02:00,False,10,10,0,0,6,4,1,0,0,0,0,0,5.04,False,False,"Наблюдаемый сценарий: только тренировки. Ответов 10: training 10, exam 0, signs 0. Вся активность приходится на один календарный день: наблюдается эпизод использования, а не доказанная ежедневная привычка. Premium показан 1 раз; checkout начат 0 раз; наблюдаемых отмен checkout 0. Показ не доказывает намерение купить. Нового production-платежа RevenueCat с этим ID в периоде не найдено. Покупки вне периода этим не исключаются. Ошибок с user_visible=false: 10. Они не доказывают видимый blocker или потерю локального прогресса."
usr_baa4c388-3b91-4ce7-9156-7e3fbfde1b38,CZ,Только тренировки,4,14,2026-10-04T23:03:17.571000+02:00,False,235,235,0,0,185,50,2,1,0,1,1,6.863,93.0,False,False,"Наблюдаемый сценарий: только тренировки. Ответов 235: training 235, exam 0, signs 0. Активность распределена по 4 дням; повторный приход наблюдается, активность в пропусках неизвестна. Работа над ошибками запущена 7 раз: это конкретная учебная деятельность, а не просто просмотр экранов. Premium показан 2 раз; checkout начат 1 раз; наблюдаемых отмен checkout 0. Показ не доказывает намерение купить. RevenueCat: 1 source charge, gross USD 6.86. Ответов до/после первого charge в окне 36/199; учебные ответы на следующий календарный день наблюдаются. Это не доказательство влияния покупки на обучение. Ошибок с user_visible=false: 235. Они не доказывают видимый blocker или потерю локального прогресса."
usr_bb26ebb7-f512-44b4-a059-0474bed646fc,CZ,Смешанное обучение,3,5,2026-09-27T09:06:04.387000+02:00,False,69,27,42,0,59,10,1,0,0,0,0,0,,False,False,"Наблюдаемый сценарий: смешанное обучение. Ответов 69: training 27, exam 42, signs 0. Активность распределена по 3 дням; повторный приход наблюдается, активность в пропусках неизвестна. Новые результаты экзамена: успешных 0, неудачных 1. Результаты относятся к версии, правилам и категории в момент события. После неудачных экзаменов следующий учебный старт: тренировка — 1. Это эпизоды в окне, не причинный эффект. Premium показан 1 раз; checkout начат 0 раз; наблюдаемых отмен checkout 0. Показ не доказывает намерение купить. Нового production-платежа RevenueCat с этим ID в периоде не найдено. Покупки вне периода этим не исключаются."
usr_bc0647e9-17a0-46d6-9d70-945bda302b37,PL,Смешанное обучение,1,7,2026-09-28T00:30:56.858000+02:00,False,173,141,32,0,134,39,1,0,0,0,0,0,,False,False,"Наблюдаемый сценарий: смешанное обучение. Ответов 173: training 141, exam 32, signs 0. Вся активность приходится на один календарный день: наблюдается эпизод использования, а не доказанная ежедневная привычка. Работа над ошибками запущена 1 раз: это конкретная учебная деятельность, а не просто просмотр экранов. Новые результаты экзамена: успешных 0, неудачных 1. Результаты относятся к версии, правилам и категории в момент события. После неудачных экзаменов следующий учебный старт: тренировка — 1. Это эпизоды в окне, не причинный эффект. Premium показан 1 раз; checkout начат 0 раз; наблюдаемых отмен checkout 0. Показ не доказывает намерение купить. Нового production-платежа RevenueCat с этим ID в периоде не найдено. Покупки вне периода этим не исключаются."
usr_bcacc886-fb8d-4571-b7be-f700b2b563e4,CZ,"Открыл, без наблюдаемых ответов",1,1,2026-10-02T10:12:04.436000+02:00,False,0,0,0,0,0,0,1,0,0,0,0,0,,False,False,"Учебная попытка запущена, но принятого ответа в этом окне не наблюдается. Это кандидат на разбор первого вопроса и доступности контента; причина остановки из этих событий не следует. Premium показан 1 раз; checkout начат 0 раз; наблюдаемых отмен checkout 0. Показ не доказывает намерение купить. Нового production-платежа RevenueCat с этим ID в периоде не найдено. Покупки вне периода этим не исключаются."
usr_bdcc6d49-ba35-41ba-926b-81696c68d0b6,CZ,Только тренировки,1,1,2026-10-09T20:48:17.143000+02:00,False,55,55,0,0,39,16,6,1,1,0,0,0,23.08,False,False,"Наблюдаемый сценарий: только тренировки. Ответов 55: training 55, exam 0, signs 0. Вся активность приходится на один календарный день: наблюдается эпизод использования, а не доказанная ежедневная привычка. Работа над ошибками запущена 1 раз: это конкретная учебная деятельность, а не просто просмотр экранов. Premium показан 6 раз; checkout начат 1 раз; наблюдаемых отмен checkout 1. Показ не доказывает намерение купить. Нового production-платежа RevenueCat с этим ID в периоде не найдено. Покупки вне периода этим не исключаются. Ошибок с user_visible=false: 55. Они не доказывают видимый blocker или потерю локального прогресса."
usr_be3c2b95-a25e-4a50-9151-f24056b04b7a,PL,Смешанное обучение,3,5,2026-09-18T00:35:38.460000+02:00,True,79,15,64,0,70,9,2,0,0,0,0,0,0.55,False,False,"Наблюдаемый сценарий: смешанное обучение. Ответов 79: training 15, exam 64, signs 0. Активность распределена по 3 дням; повторный приход наблюдается, активность в пропусках неизвестна. Новые результаты экзамена: успешных 1, неудачных 1. Результаты относятся к версии, правилам и категории в момент события. После неудачных экзаменов следующий учебный старт: тренировка — 1. Это эпизоды в окне, не причинный эффект. Premium показан 2 раз; checkout начат 0 раз; наблюдаемых отмен checkout 0. Показ не доказывает намерение купить. Нового production-платежа RevenueCat с этим ID в периоде не найдено. Покупки вне периода этим не исключаются."
usr_bf7136ae-029f-4644-a7fc-b4f3191a13a9,CZ,"Открыл, без наблюдаемых ответов",1,2,2026-09-27T20:11:18.436000+02:00,False,0,0,0,0,0,0,0,0,0,0,0,0,,False,False,"Home показан, но учебных ответов в окне не наблюдается. Это история без подтверждённой первой учебной ценности; не доказательство удаления приложения или отказа от обучения. Нового production-платежа RevenueCat с этим ID в периоде не найдено. Покупки вне периода этим не исключаются."
usr_c2b457ff-2b90-47dd-8f0d-988778c12bdb,CZ,Смешанное обучение,2,4,2026-10-08T14:16:51.833000+02:00,False,275,56,0,219,259,16,11,0,0,0,0,0,64.88,False,False,"Наблюдаемый сценарий: смешанное обучение. Ответов 275: training 56, exam 0, signs 219. Активность распределена по 2 дням; повторный приход наблюдается, активность в пропусках неизвестна. Работа над ошибками запущена 1 раз: это конкретная учебная деятельность, а не просто просмотр экранов. Premium показан 11 раз; checkout начат 0 раз; наблюдаемых отмен checkout 0. Показ не доказывает намерение купить. Нового production-платежа RevenueCat с этим ID в периоде не найдено. Покупки вне периода этим не исключаются. Ошибок с user_visible=false: 56. Они не доказывают видимый blocker или потерю локального прогресса."
usr_c2db6130-56ee-4deb-9c0a-31a119e7289c,PL,Только тренировки,1,1,2026-10-02T19:11:07.013000+02:00,False,1,1,0,0,0,1,6,6,6,0,0,0,4.0,False,False,"Наблюдаемый сценарий: только тренировки. Ответов 1: training 1, exam 0, signs 0. Вся активность приходится на один календарный день: наблюдается эпизод использования, а не доказанная ежедневная привычка. Premium показан 6 раз; checkout начат 6 раз; наблюдаемых отмен checkout 6. Показ не доказывает намерение купить. Нового production-платежа RevenueCat с этим ID в периоде не найдено. Покупки вне периода этим не исключаются. Ошибок с user_visible=false: 1. Они не доказывают видимый blocker или потерю локального прогресса."
usr_c3742a99-d87c-459a-bbec-cea972e4e8a2,CZ,Только тренировки,1,1,2026-09-26T00:42:45.589000+02:00,False,7,7,0,0,4,3,0,0,0,0,0,0,,False,False,"Наблюдаемый сценарий: только тренировки. Ответов 7: training 7, exam 0, signs 0. Вся активность приходится на один календарный день: наблюдается эпизод использования, а не доказанная ежедневная привычка. Работа над ошибками запущена 2 раз: это конкретная учебная деятельность, а не просто просмотр экранов. Нового production-платежа RevenueCat с этим ID в периоде не найдено. Покупки вне периода этим не исключаются."
usr_c4cfc179-9630-45dd-a565-21430e299c1a,PL,Смешанное обучение,1,2,2026-09-26T06:29:31.239000+02:00,False,62,21,41,0,52,10,3,1,1,0,0,0,,False,False,"Наблюдаемый сценарий: смешанное обучение. Ответов 62: training 21, exam 41, signs 0. Вся активность приходится на один календарный день: наблюдается эпизод использования, а не доказанная ежедневная привычка. Работа над ошибками запущена 4 раз: это конкретная учебная деятельность, а не просто просмотр экранов. Новые результаты экзамена: успешных 0, неудачных 1. Результаты относятся к версии, правилам и категории в момент события. После неудачных экзаменов следующий учебный старт: следующий учебный старт не наблюдается — 1. Это эпизоды в окне, не причинный эффект. Premium показан 3 раз; checkout начат 1 раз; наблюдаемых отмен checkout 1. Показ не доказывает намерение купить. Нового production-платежа RevenueCat с этим ID в периоде не найдено. Покупки вне периода этим не исключаются."
usr_c54acb34-078a-4dc6-bafa-6180b96b3f52,CZ,Смешанное обучение,1,1,2026-10-07T16:28:05.062000+02:00,False,54,4,0,50,50,4,0,0,0,0,0,0,,False,False,"Наблюдаемый сценарий: смешанное обучение. Ответов 54: training 4, exam 0, signs 50. Вся активность приходится на один календарный день: наблюдается эпизод использования, а не доказанная ежедневная привычка. Нового production-платежа RevenueCat с этим ID в периоде не найдено. Покупки вне периода этим не исключаются."
usr_c7a7de16-2a03-42d6-baec-cc62bdc1e308,CZ,Только тренировки,1,1,2026-10-04T11:12:00.207000+02:00,False,10,10,0,0,3,7,0,0,0,0,0,0,1.02,False,False,"Наблюдаемый сценарий: только тренировки. Ответов 10: training 10, exam 0, signs 0. Вся активность приходится на один календарный день: наблюдается эпизод использования, а не доказанная ежедневная привычка. Нового production-платежа RevenueCat с этим ID в периоде не найдено. Покупки вне периода этим не исключаются. Ошибок с user_visible=false: 10. Они не доказывают видимый blocker или потерю локального прогресса."
usr_c82d1a09-1152-46bf-a4e4-e945b136aeb9,PL,Только тесты знаков,2,2,2026-09-14T07:44:06.296000+02:00,True,55,0,0,55,44,11,0,0,0,0,0,0,,False,False,"Наблюдаемый сценарий: только тесты знаков. Ответов 55: training 0, exam 0, signs 55. Активность распределена по 2 дням; повторный приход наблюдается, активность в пропусках неизвестна. Нового production-платежа RevenueCat с этим ID в периоде не найдено. Покупки вне периода этим не исключаются."
usr_c87662f7-79ad-4448-9d8e-f6fc984b5e00,CZ,Только тренировки,2,2,2026-09-30T18:41:36.221000+02:00,False,17,17,0,0,8,9,1,0,0,0,0,0,,False,False,"Наблюдаемый сценарий: только тренировки. Ответов 17: training 17, exam 0, signs 0. Активность распределена по 2 дням; повторный приход наблюдается, активность в пропусках неизвестна. Работа над ошибками запущена 1 раз: это конкретная учебная деятельность, а не просто просмотр экранов. Premium показан 1 раз; checkout начат 0 раз; наблюдаемых отмен checkout 0. Показ не доказывает намерение купить. Нового production-платежа RevenueCat с этим ID в периоде не найдено. Покупки вне периода этим не исключаются."
usr_c8d21a99-3ae5-402d-a446-da967e5cba6e,PL,Смешанное обучение,3,5,2026-09-29T20:23:38.272000+02:00,False,327,55,0,272,268,59,3,0,0,0,0,0,0.51,False,False,"Наблюдаемый сценарий: смешанное обучение. Ответов 327: training 55, exam 0, signs 272. Активность распределена по 3 дням; повторный приход наблюдается, активность в пропусках неизвестна. Работа над ошибками запущена 1 раз: это конкретная учебная деятельность, а не просто просмотр экранов. Premium показан 3 раз; checkout начат 0 раз; наблюдаемых отмен checkout 0. Показ не доказывает намерение купить. Нового production-платежа RevenueCat с этим ID в периоде не найдено. Покупки вне периода этим не исключаются."
usr_c9bfdb23-df85-4765-a336-6dc37eaf84a4,CZ,Только тренировки,2,2,2026-10-06T20:39:48.531000+02:00,False,55,55,0,0,32,23,9,1,1,0,0,0,19.7,False,False,"Наблюдаемый сценарий: только тренировки. Ответов 55: training 55, exam 0, signs 0. Активность распределена по 2 дням; повторный приход наблюдается, активность в пропусках неизвестна. Работа над ошибками запущена 1 раз: это конкретная учебная деятельность, а не просто просмотр экранов. Premium показан 9 раз; checkout начат 1 раз; наблюдаемых отмен checkout 1. Показ не доказывает намерение купить. Нового production-платежа RevenueCat с этим ID в периоде не найдено. Покупки вне периода этим не исключаются. Ошибок с user_visible=false: 55. Они не доказывают видимый blocker или потерю локального прогресса."
usr_ca6cfaa1-11bd-4eca-8c38-467d24a25be0,CZ,Только тренировки,1,2,2026-10-06T19:33:40.703000+02:00,False,30,30,0,0,23,7,3,0,0,0,0,0,17.13,False,False,"Наблюдаемый сценарий: только тренировки. Ответов 30: training 30, exam 0, signs 0. Вся активность приходится на один календарный день: наблюдается эпизод использования, а не доказанная ежедневная привычка. Работа над ошибками запущена 1 раз: это конкретная учебная деятельность, а не просто просмотр экранов. Premium показан 3 раз; checkout начат 0 раз; наблюдаемых отмен checkout 0. Показ не доказывает намерение купить. Нового production-платежа RevenueCat с этим ID в периоде не найдено. Покупки вне периода этим не исключаются. Ошибок с user_visible=false: 30. Они не доказывают видимый blocker или потерю локального прогресса."
usr_cc2e4ce5-f3f0-4c97-a942-d55808714e73,PL,Смешанное обучение,5,17,2026-09-28T15:30:48.638000+02:00,False,399,279,74,46,327,72,21,0,0,0,0,0,,False,False,"Наблюдаемый сценарий: смешанное обучение. Ответов 399: training 279, exam 74, signs 46. Активность распределена по 5 дням; повторный приход наблюдается, активность в пропусках неизвестна. Работа над ошибками запущена 41 раз: это конкретная учебная деятельность, а не просто просмотр экранов. Новые результаты экзамена: успешных 0, неудачных 2. Результаты относятся к версии, правилам и категории в момент события. После неудачных экзаменов следующий учебный старт: тренировка — 2. Это эпизоды в окне, не причинный эффект. Premium показан 21 раз; checkout начат 0 раз; наблюдаемых отмен checkout 0. Показ не доказывает намерение купить. Нового production-платежа RevenueCat с этим ID в периоде не найдено. Покупки вне периода этим не исключаются."
usr_ccf02379-afe4-409a-ab87-b016bac52688,PL,Только тренировки,1,1,2026-09-29T20:29:51.692000+02:00,False,30,30,0,0,24,6,0,0,0,0,0,0,,False,False,"Наблюдаемый сценарий: только тренировки. Ответов 30: training 30, exam 0, signs 0. Вся активность приходится на один календарный день: наблюдается эпизод использования, а не доказанная ежедневная привычка. Нового production-платежа RevenueCat с этим ID в периоде не найдено. Покупки вне периода этим не исключаются."
usr_cdd46a8d-de52-4067-8a07-7aa6dbb25127,CZ,Только тренировки,1,3,2026-10-01T14:04:43.601000+02:00,False,14,14,0,0,11,3,1,0,0,0,0,0,,False,False,"Наблюдаемый сценарий: только тренировки. Ответов 14: training 14, exam 0, signs 0. Вся активность приходится на один календарный день: наблюдается эпизод использования, а не доказанная ежедневная привычка. Premium показан 1 раз; checkout начат 0 раз; наблюдаемых отмен checkout 0. Показ не доказывает намерение купить. Нового production-платежа RevenueCat с этим ID в периоде не найдено. Покупки вне периода этим не исключаются."
usr_cfcc2c0f-21ae-4ab8-b7a2-9fe065f72f2a,CZ,Смешанное обучение,3,3,2026-09-29T22:04:10.739000+02:00,False,24,14,0,10,17,7,1,0,0,0,0,0,1.45,False,False,"Наблюдаемый сценарий: смешанное обучение. Ответов 24: training 14, exam 0, signs 10. Активность распределена по 3 дням; повторный приход наблюдается, активность в пропусках неизвестна. Работа над ошибками запущена 1 раз: это конкретная учебная деятельность, а не просто просмотр экранов. Premium показан 1 раз; checkout начат 0 раз; наблюдаемых отмен checkout 0. Показ не доказывает намерение купить. Нового production-платежа RevenueCat с этим ID в периоде не найдено. Покупки вне периода этим не исключаются. Ошибок с user_visible=false: 4. Они не доказывают видимый blocker или потерю локального прогресса."
usr_cfdd84d9-077c-483c-8957-3465518a859b,CZ,Только тренировки,2,5,2026-10-05T08:57:47.799000+02:00,False,50,50,0,0,35,15,3,2,2,0,0,0,31.3,False,False,"Наблюдаемый сценарий: только тренировки. Ответов 50: training 50, exam 0, signs 0. Активность распределена по 2 дням; повторный приход наблюдается, активность в пропусках неизвестна. Premium показан 3 раз; checkout начат 2 раз; наблюдаемых отмен checkout 2. Показ не доказывает намерение купить. Нового production-платежа RevenueCat с этим ID в периоде не найдено. Покупки вне периода этим не исключаются. Ошибок с user_visible=false: 50. Они не доказывают видимый blocker или потерю локального прогресса."
usr_d1117269-45d8-4f54-be1e-b21a07f15800,CZ,"Открыл, без наблюдаемых ответов",1,1,2026-09-30T18:32:42.498000+02:00,False,0,0,0,0,0,0,1,0,0,0,0,0,,False,False,"Учебная попытка запущена, но принятого ответа в этом окне не наблюдается. Это кандидат на разбор первого вопроса и доступности контента; причина остановки из этих событий не следует. Premium показан 1 раз; checkout начат 0 раз; наблюдаемых отмен checkout 0. Показ не доказывает намерение купить. Нового production-платежа RevenueCat с этим ID в периоде не найдено. Покупки вне периода этим не исключаются."
usr_d46db06b-91ed-4b3e-9549-2e8d73b2684f,PL,Только тренировки,1,1,2026-09-23T05:39:09.561000+02:00,True,15,15,0,0,12,3,0,0,0,0,0,0,,False,False,"Наблюдаемый сценарий: только тренировки. Ответов 15: training 15, exam 0, signs 0. Вся активность приходится на один календарный день: наблюдается эпизод использования, а не доказанная ежедневная привычка. Нового production-платежа RevenueCat с этим ID в периоде не найдено. Покупки вне периода этим не исключаются."
usr_d5128f9c-b391-48ed-a891-e835d926444f,CZ,"Открыл, без наблюдаемых ответов",1,1,2026-10-05T15:02:22.318000+02:00,False,0,0,0,0,0,0,1,0,0,0,0,0,,False,False,"Home показан, но учебных ответов в окне не наблюдается. Это история без подтверждённой первой учебной ценности; не доказательство удаления приложения или отказа от обучения. Premium показан 1 раз; checkout начат 0 раз; наблюдаемых отмен checkout 0. Показ не доказывает намерение купить. Нового production-платежа RevenueCat с этим ID в периоде не найдено. Покупки вне периода этим не исключаются."
usr_d56a2f11-e439-46eb-a5c6-41f410be9963,PL,Смешанное обучение,1,1,2026-09-16T16:17:24.335000+02:00,True,163,50,0,113,148,15,0,0,0,0,0,0,,False,False,"Наблюдаемый сценарий: смешанное обучение. Ответов 163: training 50, exam 0, signs 113. Вся активность приходится на один календарный день: наблюдается эпизод использования, а не доказанная ежедневная привычка. Работа над ошибками запущена 5 раз: это конкретная учебная деятельность, а не просто просмотр экранов. Нового production-платежа RevenueCat с этим ID в периоде не найдено. Покупки вне периода этим не исключаются."
usr_d6842dcb-1b0a-4a6d-bff8-d09cd13d682e,CZ,Только тренировки,1,2,2026-10-03T18:39:47.865000+02:00,False,12,12,0,0,10,2,2,0,0,0,0,0,2.84,False,False,"Наблюдаемый сценарий: только тренировки. Ответов 12: training 12, exam 0, signs 0. Вся активность приходится на один календарный день: наблюдается эпизод использования, а не доказанная ежедневная привычка. Premium показан 2 раз; checkout начат 0 раз; наблюдаемых отмен checkout 0. Показ не доказывает намерение купить. Нового production-платежа RevenueCat с этим ID в периоде не найдено. Покупки вне периода этим не исключаются. Ошибок с user_visible=false: 12. Они не доказывают видимый blocker или потерю локального прогресса."
usr_d94b4837-2d1c-4801-a5d9-687e8844b396,PL,"Открыл, без наблюдаемых ответов",1,1,2026-09-19T13:48:56.443000+02:00,True,0,0,0,0,0,0,0,0,0,0,0,0,,False,False,"Home показан, но учебных ответов в окне не наблюдается. Это история без подтверждённой первой учебной ценности; не доказательство удаления приложения или отказа от обучения. Нового production-платежа RevenueCat с этим ID в периоде не найдено. Покупки вне периода этим не исключаются."
usr_daca0086-fde5-40e0-aea1-2e3a6a184be3,CZ,Только тренировки,1,4,2026-10-07T15:46:41.353000+02:00,False,12,12,0,0,10,2,1,0,0,0,0,0,3.81,False,False,"Наблюдаемый сценарий: только тренировки. Ответов 12: training 12, exam 0, signs 0. Вся активность приходится на один календарный день: наблюдается эпизод использования, а не доказанная ежедневная привычка. Premium показан 1 раз; checkout начат 0 раз; наблюдаемых отмен checkout 0. Показ не доказывает намерение купить. Нового production-платежа RevenueCat с этим ID в периоде не найдено. Покупки вне периода этим не исключаются. Ошибок с user_visible=false: 12. Они не доказывают видимый blocker или потерю локального прогресса."
usr_dd00eeb0-6dde-4fba-8ec9-0f864e9ada4d,CZ,Только тренировки,1,1,2026-10-04T20:29:43.639000+02:00,False,31,31,0,0,17,14,4,1,1,0,0,0,12.39,False,False,"Наблюдаемый сценарий: только тренировки. Ответов 31: training 31, exam 0, signs 0. Вся активность приходится на один календарный день: наблюдается эпизод использования, а не доказанная ежедневная привычка. Работа над ошибками запущена 1 раз: это конкретная учебная деятельность, а не просто просмотр экранов. Premium показан 4 раз; checkout начат 1 раз; наблюдаемых отмен checkout 1. Показ не доказывает намерение купить. Нового production-платежа RevenueCat с этим ID в периоде не найдено. Покупки вне периода этим не исключаются. Ошибок с user_visible=false: 31. Они не доказывают видимый blocker или потерю локального прогресса."
usr_df4798cc-d460-456a-a6a8-58a99ddb4470,CZ,Смешанное обучение,4,9,2026-09-28T15:31:29.936000+02:00,False,112,11,53,48,87,25,1,0,0,0,0,0,0.01,False,False,"Наблюдаемый сценарий: смешанное обучение. Ответов 112: training 11, exam 53, signs 48. Активность распределена по 4 дням; повторный приход наблюдается, активность в пропусках неизвестна. Работа над ошибками запущена 3 раз: это конкретная учебная деятельность, а не просто просмотр экранов. Новые результаты экзамена: успешных 0, неудачных 1. Результаты относятся к версии, правилам и категории в момент события. После неудачных экзаменов следующий учебный старт: новый экзамен — 1. Это эпизоды в окне, не причинный эффект. Premium показан 1 раз; checkout начат 0 раз; наблюдаемых отмен checkout 0. Показ не доказывает намерение купить. Нового production-платежа RevenueCat с этим ID в периоде не найдено. Покупки вне периода этим не исключаются."
usr_e2376f8b-34be-4fe4-8449-4cd944ad433b,CZ,"Открыл, без наблюдаемых ответов",1,1,2026-10-01T20:25:38.623000+02:00,False,0,0,0,0,0,0,3,0,0,0,0,0,,False,False,"Учебная попытка запущена, но принятого ответа в этом окне не наблюдается. Это кандидат на разбор первого вопроса и доступности контента; причина остановки из этих событий не следует. Premium показан 3 раз; checkout начат 0 раз; наблюдаемых отмен checkout 0. Показ не доказывает намерение купить. Нового production-платежа RevenueCat с этим ID в периоде не найдено. Покупки вне периода этим не исключаются."
usr_e29fc56d-aae0-4a7a-b0a0-beeedfbd47a2,CZ,Только тренировки,2,3,2026-09-29T18:51:05.929000+02:00,False,54,54,0,0,37,17,4,0,0,0,0,0,,False,False,"Наблюдаемый сценарий: только тренировки. Ответов 54: training 54, exam 0, signs 0. Активность распределена по 2 дням; повторный приход наблюдается, активность в пропусках неизвестна. Работа над ошибками запущена 1 раз: это конкретная учебная деятельность, а не просто просмотр экранов. Premium показан 4 раз; checkout начат 0 раз; наблюдаемых отмен checkout 0. Показ не доказывает намерение купить. Нового production-платежа RevenueCat с этим ID в периоде не найдено. Покупки вне периода этим не исключаются."
usr_e31785e1-a810-47f1-b540-acc7d5a156b2,PL,Только тренировки,1,1,2026-09-27T11:44:55.557000+02:00,False,4,4,0,0,1,3,0,0,0,0,0,0,,False,False,"Наблюдаемый сценарий: только тренировки. Ответов 4: training 4, exam 0, signs 0. Вся активность приходится на один календарный день: наблюдается эпизод использования, а не доказанная ежедневная привычка. Нового production-платежа RevenueCat с этим ID в периоде не найдено. Покупки вне периода этим не исключаются."
usr_e337957b-b11e-4812-860d-66a60f2cba51,CZ,Только тренировки,1,3,2026-10-04T11:02:06.710000+02:00,False,16,16,0,0,11,5,1,0,0,0,0,0,6.1,False,False,"Наблюдаемый сценарий: только тренировки. Ответов 16: training 16, exam 0, signs 0. Вся активность приходится на один календарный день: наблюдается эпизод использования, а не доказанная ежедневная привычка. Работа над ошибками запущена 1 раз: это конкретная учебная деятельность, а не просто просмотр экранов. Premium показан 1 раз; checkout начат 0 раз; наблюдаемых отмен checkout 0. Показ не доказывает намерение купить. Нового production-платежа RevenueCat с этим ID в периоде не найдено. Покупки вне периода этим не исключаются. Ошибок с user_visible=false: 16. Они не доказывают видимый blocker или потерю локального прогресса."
usr_e3f81ff2-9880-4eb4-af81-7116df08b9cd,PL,"Открыл, без наблюдаемых ответов",1,1,2026-10-04T22:26:56.462000+02:00,False,0,0,0,0,0,0,0,0,0,0,0,0,0.51,False,False,"Home показан, но учебных ответов в окне не наблюдается. Это история без подтверждённой первой учебной ценности; не доказательство удаления приложения или отказа от обучения. Нового production-платежа RevenueCat с этим ID в периоде не найдено. Покупки вне периода этим не исключаются."
usr_e4b9ab65-ca5a-4673-bc3c-45f9ee5f46ce,CZ,"Открыл, без наблюдаемых ответов",1,1,2026-10-08T10:51:55.984000+02:00,False,0,0,0,0,0,0,1,0,0,0,0,0,0.77,False,False,"Учебная попытка запущена, но принятого ответа в этом окне не наблюдается. Это кандидат на разбор первого вопроса и доступности контента; причина остановки из этих событий не следует. Premium показан 1 раз; checkout начат 0 раз; наблюдаемых отмен checkout 0. Показ не доказывает намерение купить. Нового production-платежа RevenueCat с этим ID в периоде не найдено. Покупки вне периода этим не исключаются. Страна менялась: CZ, PL. Итоговая группа — последняя известная страна, история сохранена."
usr_e5193dba-866e-4be2-b934-4b808ebe3ad3,PL,Только тренировки,1,1,2026-09-24T17:39:36.508000+02:00,True,50,50,0,0,33,17,4,0,0,0,0,0,,False,False,"Наблюдаемый сценарий: только тренировки. Ответов 50: training 50, exam 0, signs 0. Вся активность приходится на один календарный день: наблюдается эпизод использования, а не доказанная ежедневная привычка. Premium показан 4 раз; checkout начат 0 раз; наблюдаемых отмен checkout 0. Показ не доказывает намерение купить. Нового production-платежа RevenueCat с этим ID в периоде не найдено. Покупки вне периода этим не исключаются."
usr_e58f2559-34df-4ec2-9653-812adfa35761,PL,Смешанное обучение,2,3,2026-09-28T20:16:43.683000+02:00,False,202,42,96,64,179,23,4,0,0,0,0,0,,False,False,"Наблюдаемый сценарий: смешанное обучение. Ответов 202: training 42, exam 96, signs 64. Активность распределена по 2 дням; повторный приход наблюдается, активность в пропусках неизвестна. Работа над ошибками запущена 16 раз: это конкретная учебная деятельность, а не просто просмотр экранов. Новые результаты экзамена: успешных 1, неудачных 2. Результаты относятся к версии, правилам и категории в момент события. После неудачных экзаменов следующий учебный старт: тренировка — 2. Это эпизоды в окне, не причинный эффект. Premium показан 4 раз; checkout начат 0 раз; наблюдаемых отмен checkout 0. Показ не доказывает намерение купить. Нового production-платежа RevenueCat с этим ID в периоде не найдено. Покупки вне периода этим не исключаются."
usr_e5982a26-fbe1-4a52-a5a4-117d459cb2e6,CZ,Только тренировки,5,9,2026-09-29T20:30:59.466000+02:00,False,201,201,0,0,148,53,2,1,0,1,1,6.942,1.74,False,False,"Наблюдаемый сценарий: только тренировки. Ответов 201: training 201, exam 0, signs 0. Активность распределена по 5 дням; повторный приход наблюдается, активность в пропусках неизвестна. Работа над ошибками запущена 7 раз: это конкретная учебная деятельность, а не просто просмотр экранов. Premium показан 2 раз; checkout начат 1 раз; наблюдаемых отмен checkout 0. Показ не доказывает намерение купить. RevenueCat: 1 source charge, gross USD 6.94. Ответов до/после первого charge в окне 15/186; учебные ответы на следующий календарный день наблюдаются. Это не доказательство влияния покупки на обучение. Ошибок с user_visible=false: 4. Они не доказывают видимый blocker или потерю локального прогресса."
usr_e7b04632-2ed2-48ee-85fe-cc2c0fa97b87,CZ,Смешанное обучение,1,1,2026-10-01T20:46:33.378000+02:00,False,51,45,6,0,40,11,4,1,1,0,0,0,,False,False,"Наблюдаемый сценарий: смешанное обучение. Ответов 51: training 45, exam 6, signs 0. Вся активность приходится на один календарный день: наблюдается эпизод использования, а не доказанная ежедневная привычка. Premium показан 4 раз; checkout начат 1 раз; наблюдаемых отмен checkout 1. Показ не доказывает намерение купить. Нового production-платежа RevenueCat с этим ID в периоде не найдено. Покупки вне периода этим не исключаются."
usr_e86d4e35-78c1-4b8f-8ded-4fc02defdf1c,PL,Смешанное обучение,2,2,2026-10-01T05:54:10.239000+02:00,False,86,53,33,0,68,18,1,3,2,1,1,6.397,11.69,False,False,"Наблюдаемый сценарий: смешанное обучение. Ответов 86: training 53, exam 33, signs 0. Активность распределена по 2 дням; повторный приход наблюдается, активность в пропусках неизвестна. Работа над ошибками запущена 1 раз: это конкретная учебная деятельность, а не просто просмотр экранов. Новые результаты экзамена: успешных 0, неудачных 1. Результаты относятся к версии, правилам и категории в момент события. После неудачных экзаменов следующий учебный старт: тренировка — 1. Это эпизоды в окне, не причинный эффект. Premium показан 1 раз; checkout начат 3 раз; наблюдаемых отмен checkout 2. Показ не доказывает намерение купить. RevenueCat: 1 source charge, gross USD 6.40. Ответов до/после первого charge в окне 16/70; учебные ответы на следующий календарный день не наблюдаются. Это не доказательство влияния покупки на обучение. Ошибок с user_visible=false: 53. Они не доказывают видимый blocker или потерю локального прогресса."
usr_e8818aaa-67ca-4895-be05-ad56676800ad,PL,"Открыл, без наблюдаемых ответов",1,1,2026-09-29T20:33:41.569000+02:00,False,0,0,0,0,0,0,1,0,0,0,0,0,,False,False,"Home показан, но учебных ответов в окне не наблюдается. Это история без подтверждённой первой учебной ценности; не доказательство удаления приложения или отказа от обучения. Premium показан 1 раз; checkout начат 0 раз; наблюдаемых отмен checkout 0. Показ не доказывает намерение купить. Нового production-платежа RevenueCat с этим ID в периоде не найдено. Покупки вне периода этим не исключаются."
usr_e88553bb-eb0f-4584-b062-23f93eef8ce2,CZ,Только тренировки,4,7,2026-09-12T18:28:42.139000+02:00,True,55,55,0,0,31,24,0,0,0,0,0,0,7.31,False,False,"Наблюдаемый сценарий: только тренировки. Ответов 55: training 55, exam 0, signs 0. Активность распределена по 4 дням; повторный приход наблюдается, активность в пропусках неизвестна. Работа над ошибками запущена 3 раз: это конкретная учебная деятельность, а не просто просмотр экранов. Нового production-платежа RevenueCat с этим ID в периоде не найдено. Покупки вне периода этим не исключаются. Ошибок с user_visible=false: 14. Они не доказывают видимый blocker или потерю локального прогресса."
usr_e88cc01c-c313-4a06-adca-bec95a9b243d,PL,Смешанное обучение,1,1,2026-09-24T07:23:40.910000+02:00,True,47,15,32,0,39,8,0,0,0,0,0,0,,False,False,"Наблюдаемый сценарий: смешанное обучение. Ответов 47: training 15, exam 32, signs 0. Вся активность приходится на один календарный день: наблюдается эпизод использования, а не доказанная ежедневная привычка. Новые результаты экзамена: успешных 0, неудачных 1. Результаты относятся к версии, правилам и категории в момент события. После неудачных экзаменов следующий учебный старт: следующий учебный старт не наблюдается — 1. Это эпизоды в окне, не причинный эффект. Нового production-платежа RevenueCat с этим ID в периоде не найдено. Покупки вне периода этим не исключаются."
usr_e90f0b78-efbc-40fe-af0a-0809229fd66f,PL,Смешанное обучение,1,2,2026-10-06T09:46:33.784000+02:00,False,102,40,32,30,67,35,0,0,0,0,0,0,,False,False,"Наблюдаемый сценарий: смешанное обучение. Ответов 102: training 40, exam 32, signs 30. Вся активность приходится на один календарный день: наблюдается эпизод использования, а не доказанная ежедневная привычка. Работа над ошибками запущена 1 раз: это конкретная учебная деятельность, а не просто просмотр экранов. Новые результаты экзамена: успешных 0, неудачных 1. Результаты относятся к версии, правилам и категории в момент события. После неудачных экзаменов следующий учебный старт: тренировка — 1. Это эпизоды в окне, не причинный эффект. Нового production-платежа RevenueCat с этим ID в периоде не найдено. Покупки вне периода этим не исключаются."
usr_ec60fdae-ba2c-4315-a260-8aaeeef59bca,CZ,Только тренировки,3,3,2026-09-28T19:12:34.130000+02:00,False,89,89,0,0,55,34,0,0,0,0,0,0,,False,False,"Наблюдаемый сценарий: только тренировки. Ответов 89: training 89, exam 0, signs 0. Активность распределена по 3 дням; повторный приход наблюдается, активность в пропусках неизвестна. Работа над ошибками запущена 1 раз: это конкретная учебная деятельность, а не просто просмотр экранов. Нового production-платежа RevenueCat с этим ID в периоде не найдено. Покупки вне периода этим не исключаются."
usr_ecc52b00-9df4-49f1-954c-e5f6fa8f6e24,CZ,Смешанное обучение,2,2,2026-09-10T17:23:39.393000+02:00,True,29,4,25,0,11,18,2,0,0,0,0,0,0.19,False,False,"Наблюдаемый сценарий: смешанное обучение. Ответов 29: training 4, exam 25, signs 0. Активность распределена по 2 дням; повторный приход наблюдается, активность в пропусках неизвестна. Работа над ошибками запущена 1 раз: это конкретная учебная деятельность, а не просто просмотр экранов. Новые результаты экзамена: успешных 0, неудачных 1. Результаты относятся к версии, правилам и категории в момент события. После неудачных экзаменов следующий учебный старт: тренировка — 1. Это эпизоды в окне, не причинный эффект. Premium показан 2 раз; checkout начат 0 раз; наблюдаемых отмен checkout 0. Показ не доказывает намерение купить. Нового production-платежа RevenueCat с этим ID в периоде не найдено. Покупки вне периода этим не исключаются."
usr_ecfcda55-2a0d-4f15-8ab5-b8b5fd7d023b,CZ,Только тренировки,3,4,2026-10-06T20:55:29.736000+02:00,False,41,41,0,0,24,17,2,0,0,0,0,0,19.02,False,False,"Наблюдаемый сценарий: только тренировки. Ответов 41: training 41, exam 0, signs 0. Активность распределена по 3 дням; повторный приход наблюдается, активность в пропусках неизвестна. Работа над ошибками запущена 1 раз: это конкретная учебная деятельность, а не просто просмотр экранов. Premium показан 2 раз; checkout начат 0 раз; наблюдаемых отмен checkout 0. Показ не доказывает намерение купить. Нового production-платежа RevenueCat с этим ID в периоде не найдено. Покупки вне периода этим не исключаются. Ошибок с user_visible=false: 41. Они не доказывают видимый blocker или потерю локального прогресса."
usr_ee6825b6-1dce-4f4e-bc62-841b66e5c6f2,CZ,Только тренировки,2,3,2026-10-07T09:15:37.211000+02:00,False,3,3,0,0,1,2,0,0,0,0,0,0,9.39,False,False,"Наблюдаемый сценарий: только тренировки. Ответов 3: training 3, exam 0, signs 0. Активность распределена по 2 дням; повторный приход наблюдается, активность в пропусках неизвестна. Нового production-платежа RevenueCat с этим ID в периоде не найдено. Покупки вне периода этим не исключаются. Ошибок с user_visible=false: 3. Они не доказывают видимый blocker или потерю локального прогресса."
usr_eeca14b5-3dd1-42c2-ba0b-9a8034074fb7,CZ,Только тренировки,1,1,2026-09-30T17:48:02.891000+02:00,False,22,22,0,0,13,9,1,0,0,0,0,0,,False,False,"Наблюдаемый сценарий: только тренировки. Ответов 22: training 22, exam 0, signs 0. Вся активность приходится на один календарный день: наблюдается эпизод использования, а не доказанная ежедневная привычка. Premium показан 1 раз; checkout начат 0 раз; наблюдаемых отмен checkout 0. Показ не доказывает намерение купить. Нового production-платежа RevenueCat с этим ID в периоде не найдено. Покупки вне периода этим не исключаются."
usr_eeefcff5-72f7-45a8-8b56-0e91eec31aaa,PL,"Открыл, без наблюдаемых ответов",1,1,2026-10-09T11:40:55.535000+02:00,False,0,0,0,0,0,0,3,0,0,0,0,0,4.1,True,False,"Home показан, но учебных ответов в окне не наблюдается. Это история без подтверждённой первой учебной ценности; не доказательство удаления приложения или отказа от обучения. Premium показан 3 раз; checkout начат 0 раз; наблюдаемых отмен checkout 0. Показ не доказывает намерение купить. Нового production-платежа RevenueCat с этим ID в периоде не найдено. Покупки вне периода этим не исключаются. ASA 1234567890/12323222: подозрение на тест, пока не подтверждённый пользователем. ID сохранён в основных числах и помечен."
usr_ef12e19f-f700-49f3-994c-73a9ef3bef9b,SK,Только тренировки,2,3,2026-10-05T17:55:17.078000+02:00,False,23,23,0,0,12,11,2,1,1,0,0,0,5.56,False,False,"Наблюдаемый сценарий: только тренировки. Ответов 23: training 23, exam 0, signs 0. Активность распределена по 2 дням; повторный приход наблюдается, активность в пропусках неизвестна. Работа над ошибками запущена 1 раз: это конкретная учебная деятельность, а не просто просмотр экранов. Premium показан 2 раз; checkout начат 1 раз; наблюдаемых отмен checkout 1. Показ не доказывает намерение купить. Нового production-платежа RevenueCat с этим ID в периоде не найдено. Покупки вне периода этим не исключаются. Ошибок с user_visible=false: 23. Они не доказывают видимый blocker или потерю локального прогресса."
usr_f0e3456b-9e31-47ec-a6c4-65e56bbac68d,PL,Смешанное обучение,1,1,2026-09-28T09:33:49.552000+02:00,False,74,10,64,0,59,15,2,0,0,0,0,0,,False,False,"Наблюдаемый сценарий: смешанное обучение. Ответов 74: training 10, exam 64, signs 0. Вся активность приходится на один календарный день: наблюдается эпизод использования, а не доказанная ежедневная привычка. Новые результаты экзамена: успешных 0, неудачных 2. Результаты относятся к версии, правилам и категории в момент события. После неудачных экзаменов следующий учебный старт: новый экзамен — 1, следующий учебный старт не наблюдается — 1. Это эпизоды в окне, не причинный эффект. Premium показан 2 раз; checkout начат 0 раз; наблюдаемых отмен checkout 0. Показ не доказывает намерение купить. Нового production-платежа RevenueCat с этим ID в периоде не найдено. Покупки вне периода этим не исключаются."
usr_f13b4f5b-25f3-4346-ab38-f325fb089d80,CZ,"Открыл, без наблюдаемых ответов",2,3,2026-09-08T08:58:02.802000+02:00,True,0,0,0,0,0,0,0,0,0,0,0,0,1.36,False,False,"Home показан, но учебных ответов в окне не наблюдается. Это история без подтверждённой первой учебной ценности; не доказательство удаления приложения или отказа от обучения. Нового production-платежа RevenueCat с этим ID в периоде не найдено. Покупки вне периода этим не исключаются."
usr_f3b6cb8a-9cd8-4987-ba30-34e302684512,CZ,Только тренировки,1,1,2026-10-07T15:23:36.841000+02:00,False,24,24,0,0,19,5,1,0,0,0,0,0,12.6,False,False,"Наблюдаемый сценарий: только тренировки. Ответов 24: training 24, exam 0, signs 0. Вся активность приходится на один календарный день: наблюдается эпизод использования, а не доказанная ежедневная привычка. Работа над ошибками запущена 1 раз: это конкретная учебная деятельность, а не просто просмотр экранов. Premium показан 1 раз; checkout начат 0 раз; наблюдаемых отмен checkout 0. Показ не доказывает намерение купить. Нового production-платежа RevenueCat с этим ID в периоде не найдено. Покупки вне периода этим не исключаются. Ошибок с user_visible=false: 24. Они не доказывают видимый blocker или потерю локального прогресса."
usr_f456483b-2986-4ed8-ba21-631be0d2ce41,PL,Смешанное обучение,1,1,2026-09-27T20:44:41.866000+02:00,False,124,60,64,0,112,12,2,0,0,0,0,0,,False,False,"Наблюдаемый сценарий: смешанное обучение. Ответов 124: training 60, exam 64, signs 0. Вся активность приходится на один календарный день: наблюдается эпизод использования, а не доказанная ежедневная привычка. Работа над ошибками запущена 11 раз: это конкретная учебная деятельность, а не просто просмотр экранов. Новые результаты экзамена: успешных 0, неудачных 2. Результаты относятся к версии, правилам и категории в момент события. После неудачных экзаменов следующий учебный старт: тренировка — 2. Это эпизоды в окне, не причинный эффект. Premium показан 2 раз; checkout начат 0 раз; наблюдаемых отмен checkout 0. Показ не доказывает намерение купить. Нового production-платежа RevenueCat с этим ID в периоде не найдено. Покупки вне периода этим не исключаются."
usr_f822b603-067c-4899-a9f5-0d6fea69e653,PL,Только тренировки,3,4,2026-10-01T08:43:39.521000+02:00,False,14,14,0,0,9,5,3,0,0,0,0,0,2.45,False,False,"Наблюдаемый сценарий: только тренировки. Ответов 14: training 14, exam 0, signs 0. Активность распределена по 3 дням; повторный приход наблюдается, активность в пропусках неизвестна. Работа над ошибками запущена 1 раз: это конкретная учебная деятельность, а не просто просмотр экранов. Premium показан 3 раз; checkout начат 0 раз; наблюдаемых отмен checkout 0. Показ не доказывает намерение купить. Нового production-платежа RevenueCat с этим ID в периоде не найдено. Покупки вне периода этим не исключаются. Ошибок с user_visible=false: 10. Они не доказывают видимый blocker или потерю локального прогресса."
usr_f93f5cba-9424-4d40-a98c-84624668af29,CZ,Только тренировки,1,1,2026-09-30T16:17:01.295000+02:00,False,50,50,0,0,43,7,3,0,0,0,0,0,,False,False,"Наблюдаемый сценарий: только тренировки. Ответов 50: training 50, exam 0, signs 0. Вся активность приходится на один календарный день: наблюдается эпизод использования, а не доказанная ежедневная привычка. Premium показан 3 раз; checkout начат 0 раз; наблюдаемых отмен checkout 0. Показ не доказывает намерение купить. Нового production-платежа RevenueCat с этим ID в периоде не найдено. Покупки вне периода этим не исключаются."
usr_fc482d2c-5def-4c72-a1e3-c06fa166341c,CZ,Только тренировки,1,1,2026-10-06T11:03:20.307000+02:00,False,33,33,0,0,22,11,6,0,0,0,0,0,,False,False,"Наблюдаемый сценарий: только тренировки. Ответов 33: training 33, exam 0, signs 0. Вся активность приходится на один календарный день: наблюдается эпизод использования, а не доказанная ежедневная привычка. Работа над ошибками запущена 1 раз: это конкретная учебная деятельность, а не просто просмотр экранов. Premium показан 6 раз; checkout начат 0 раз; наблюдаемых отмен checkout 0. Показ не доказывает намерение купить. Нового production-платежа RevenueCat с этим ID в периоде не найдено. Покупки вне периода этим не исключаются."
usr_fce25a21-2d84-4547-902b-1262d025e6f4,SK,Только тренировки,2,2,2026-10-02T16:16:15.491000+02:00,False,41,41,0,0,25,16,2,0,0,0,0,0,7.32,False,False,"Наблюдаемый сценарий: только тренировки. Ответов 41: training 41, exam 0, signs 0. Активность распределена по 2 дням; повторный приход наблюдается, активность в пропусках неизвестна. Работа над ошибками запущена 1 раз: это конкретная учебная деятельность, а не просто просмотр экранов. Premium показан 2 раз; checkout начат 0 раз; наблюдаемых отмен checkout 0. Показ не доказывает намерение купить. Нового production-платежа RevenueCat с этим ID в периоде не найдено. Покупки вне периода этим не исключаются. Ошибок с user_visible=false: 24. Они не доказывают видимый blocker или потерю локального прогресса."
usr_fcff268d-eb14-443d-bfb3-8db3a65b4f2d,PL,"Открыл, без наблюдаемых ответов",1,1,2026-09-25T13:14:13.714000+02:00,True,0,0,0,0,0,0,0,0,0,0,0,0,,False,False,"Home показан, но учебных ответов в окне не наблюдается. Это история без подтверждённой первой учебной ценности; не доказательство удаления приложения или отказа от обучения. Нового production-платежа RevenueCat с этим ID в периоде не найдено. Покупки вне периода этим не исключаются."
usr_fd1c5e19-2a09-4dd0-82a7-724fc85f67e9,CZ,Только тренировки,3,4,2026-10-06T15:17:35.942000+02:00,False,55,55,0,0,38,17,4,0,0,0,0,0,11.48,False,False,"Наблюдаемый сценарий: только тренировки. Ответов 55: training 55, exam 0, signs 0. Активность распределена по 3 дням; повторный приход наблюдается, активность в пропусках неизвестна. Работа над ошибками запущена 1 раз: это конкретная учебная деятельность, а не просто просмотр экранов. Premium показан 4 раз; checkout начат 0 раз; наблюдаемых отмен checkout 0. Показ не доказывает намерение купить. Нового production-платежа RevenueCat с этим ID в периоде не найдено. Покупки вне периода этим не исключаются. Ошибок с user_visible=false: 55. Они не доказывают видимый blocker или потерю локального прогресса."
usr_fd372fc5-6940-470f-988c-139e0ab08b49,SK,Только тренировки,1,1,2026-10-01T13:00:51.713000+02:00,False,12,12,0,0,3,9,0,0,0,0,0,0,,False,False,"Наблюдаемый сценарий: только тренировки. Ответов 12: training 12, exam 0, signs 0. Вся активность приходится на один календарный день: наблюдается эпизод использования, а не доказанная ежедневная привычка. Нового production-платежа RevenueCat с этим ID в периоде не найдено. Покупки вне периода этим не исключаются."
usr_fd69dafd-13ae-4591-a341-558e9fe07d69,SK,Только тренировки,1,4,2026-10-05T12:16:16.487000+02:00,False,12,12,0,0,3,9,4,0,0,0,0,0,3.75,False,False,"Наблюдаемый сценарий: только тренировки. Ответов 12: training 12, exam 0, signs 0. Вся активность приходится на один календарный день: наблюдается эпизод использования, а не доказанная ежедневная привычка. Premium показан 4 раз; checkout начат 0 раз; наблюдаемых отмен checkout 0. Показ не доказывает намерение купить. Нового production-платежа RevenueCat с этим ID в периоде не найдено. Покупки вне периода этим не исключаются. Ошибок с user_visible=false: 12. Они не доказывают видимый blocker или потерю локального прогресса."
usr_fd920db2-061d-469e-8728-96065d605cee,PL,"Открыл, без наблюдаемых ответов",1,1,2026-10-08T01:01:14.818000+02:00,False,0,0,0,0,0,0,0,0,0,0,0,0,0.17,False,False,"Home показан, но учебных ответов в окне не наблюдается. Это история без подтверждённой первой учебной ценности; не доказательство удаления приложения или отказа от обучения. Нового production-платежа RevenueCat с этим ID в периоде не найдено. Покупки вне периода этим не исключаются."
usr_fd9d3eba-a82d-44fa-9fbb-ce09edba22d2,CZ,Только тренировки,2,2,2026-09-27T00:55:00.052000+02:00,False,15,15,0,0,9,6,0,0,0,0,0,0,,False,False,"Наблюдаемый сценарий: только тренировки. Ответов 15: training 15, exam 0, signs 0. Активность распределена по 2 дням; повторный приход наблюдается, активность в пропусках неизвестна. Работа над ошибками запущена 1 раз: это конкретная учебная деятельность, а не просто просмотр экранов. Нового production-платежа RevenueCat с этим ID в периоде не найдено. Покупки вне периода этим не исключаются."
usr_fdb1d044-27e0-417d-9481-8352e2f866b7,CZ,Только тренировки,1,2,2026-10-05T17:50:51.690000+02:00,False,17,17,0,0,11,6,0,0,0,0,0,0,8.19,False,False,"Наблюдаемый сценарий: только тренировки. Ответов 17: training 17, exam 0, signs 0. Вся активность приходится на один календарный день: наблюдается эпизод использования, а не доказанная ежедневная привычка. Нового production-платежа RevenueCat с этим ID в периоде не найдено. Покупки вне периода этим не исключаются. Ошибок с user_visible=false: 17. Они не доказывают видимый blocker или потерю локального прогресса."
usr_fe2990a5-f650-477a-b51f-bb590e5aaaac,SK,Только тренировки,1,1,2026-10-01T12:20:30.588000+02:00,False,27,27,0,0,16,11,3,0,0,0,0,0,,False,False,"Наблюдаемый сценарий: только тренировки. Ответов 27: training 27, exam 0, signs 0. Вся активность приходится на один календарный день: наблюдается эпизод использования, а не доказанная ежедневная привычка. Работа над ошибками запущена 1 раз: это конкретная учебная деятельность, а не просто просмотр экранов. Premium показан 3 раз; checkout начат 0 раз; наблюдаемых отмен checkout 0. Показ не доказывает намерение купить. Нового production-платежа RevenueCat с этим ID в периоде не найдено. Покупки вне периода этим не исключаются."
usr_ff23a5c1-4923-4389-ad4d-f572a8d43239,PL,Смешанное обучение,3,4,2026-09-26T17:17:18.312000+02:00,False,38,37,1,0,31,7,2,0,0,0,0,0,5.41,False,False,"Наблюдаемый сценарий: смешанное обучение. Ответов 38: training 37, exam 1, signs 0. Активность распределена по 3 дням; повторный приход наблюдается, активность в пропусках неизвестна. Premium показан 2 раз; checkout начат 0 раз; наблюдаемых отмен checkout 0. Показ не доказывает намерение купить. Нового production-платежа RevenueCat с этим ID в периоде не найдено. Покупки вне периода этим не исключаются. Ошибок с user_visible=false: 30. Они не доказывают видимый blocker или потерю локального прогресса."
